sym,path,vmin,d1_atr_usd,spread_usd,spread_atr,swapL,swapS,swap_mode
EURUSD,Forex/Standard,0.01,4.7999999999999625,0.21999999999999997,0.045833333333333684,-7.96,1.26,1
GBPUSD,Forex/Standard,0.01,6.35642857142858,0.24999999999999997,0.03933026182717154,-3.7,-4.1,1
USDCHF,Forex/Standard,0.01,5.89756631637024,0.30173194134331066,0.05116211080251436,3.87,-13.33,1
USDJPY,Forex/Standard,0.01,8.752456857893424,0.18446311691781214,0.021075581395348857,2.11,-29.59,1
USDCAD,Forex/Standard,0.01,3.7713639050414685,0.21925946882625455,0.05813797722705935,1.88,-11.53,1
AUDUSD,Forex/Standard,0.01,4.457142857142833,0.24,0.053846153846154134,-2.56,-3.94,1
AUDNZD,Forex/Standard,0.01,3.9344390571428343,0.21507620000000002,0.05466502260583675,-2.32,-12.52,1
AUDCAD,Forex/Standard,0.01,3.7946033879124377,0.26169678537327157,0.06896551724137931,1.64,-10.12,1
AUDCHF,Forex/Standard,0.01,4.0182558648776165,0.3862215463345161,0.09611671315168457,4.6,-9.62,1
AUDJPY,Forex/Standard,0.01,5.3186027513523495,0.22263073194623786,0.041858875790193206,4.04,-16.59,1
CHFJPY,Forex/Standard,0.01,8.86740554897771,0.222627899728394,0.025106317569298493,-16.27,-5.97,1
EURGBP,Forex/Standard,0.01,3.3064946785714007,0.30463270000000003,0.0921316165951367,-6.15,1.06,1
EURAUD,Forex/Standard,0.01,4.942457792857147,0.2669158,0.05400466957669267,-14.71,1.28,1
EURCHF,Forex/Standard,0.01,4.570807865720653,0.42242471788063496,0.09241795548849518,1.6,-12.05,1
EURJPY,Forex/Standard,0.01,7.749109681593595,0.1908311970840993,0.024626209322779275,-6.2,-19.17,1
EURNZD,Forex/Standard,0.01,6.703057142857167,0.29998,0.04475271411338947,-13.99,-9.78,1
EURCAD,Forex/Standard,0.01,4.087622954546616,0.23340524100859358,0.057100482017055816,-5.41,-7.92,1
GBPCHF,Forex/Standard,0.01,6.4630981835736545,0.5551867720716916,0.08590102707749846,5.35,-17.75,1
GBPJPY,Forex/Standard,0.01,9.4918217663967,0.24172566681297433,0.025466730493058826,3.09,-40.51,1
CADCHF,Forex/Standard,0.01,3.6095325452764935,0.5310418074732066,0.14712204442321447,1.27,-6.3,1
CHFSGD,Forex/Standard,0.01,5.168963425058382,2.3777678704116507,0.4600086467790773,-19.23,-5.06,1
EURDKK,Forex/Standard,0.01,0.2302425933549749,0.6754799262003874,2.933774834437219,-54.27,-63.28,1
EURHKD,Forex/Standard,0.01,4.796226600608511,0.7660051746772202,0.15970996336579155,-72.27,-69.28,1
EURHUF,Forex/Standard,0.01,10.27336490058187,1.1954460975222512,0.1163636363636361,-67.03,-5.08,1
EURNOK,Forex/Standard,0.01,6.831121768114437,1.658392232372616,0.24277011721756706,-135.01,-30.5,1
EURPLN,Forex/Standard,0.01,5.36550291662853,1.812245153025356,0.3377586744774522,-51.53,-16.82,1
EURSEK,Forex/Standard,0.01,7.1614143579124185,1.2168405898501182,0.16991623847399218,-67.26,-102.36,1
EURSGD,Forex/Standard,0.01,3.4951399899659954,1.5564993625392058,0.4453324808184147,-8.17,-15.06,1
EURTRY,Forex/Standard,0.01,6.849331845938253,1.51052930784077,0.22053673873847043,-6562.17,539.83,1
EURZAR,Forex/Standard,0.01,9.31132598472565,1.418218321152693,0.1523111019288924,-414.51,30.89,1
GBPDKK,Forex/Standard,0.01,3.616257398499079,1.8007770330025554,0.4979670511700756,-25.79,-110.82,1
GBPNOK,Forex/Standard,0.01,9.838328363016275,2.1547304694031433,0.2190138801936203,-111.02,-83.42,1
GBPSEK,Forex/Standard,0.01,9.156621022782705,1.5656615045876003,0.1709868193400227,-31.75,-182.18,1
GBPSGD,Forex/Standard,0.01,5.240434252103988,2.6984325626505647,0.5149253731343291,-3.04,-23.79,1
NZDSGD,Forex/Standard,0.01,4.066675829118041,2.323016636553488,0.5712323121307881,-4.46,-9.45,1
SGDJPY,Forex/Standard,0.01,5.444383860414393,1.4821882951653944,0.2722416958771491,-9.41,-9.41,1
USDCNH,Forex/Standard,0.01,1.4931174295441951,0.5798308083436168,0.3883357041251752,-1.05,-11.04,1
USDDKK,Forex/Standard,0.01,4.252748325127055,0.6129655946376183,0.14413399236817181,-16.05,-83.98,1
USDHKD,Forex/Standard,0.01,0.34230799343787754,0.5353114365464765,1.5638297872340674,-2.11,-9.91,1
USDHUF,Forex/Standard,0.01,11.253804785802346,1.9519818686724035,0.17345083781220358,-47.45,-16.35,1
USDMXN,Forex/Standard,0.01,7.796558557683768,1.3464609044452374,0.1726993896708767,-333.48,54.02,1
USDNOK,Forex/Standard,0.01,7.5847433754624545,2.077034310503484,0.2738437159552341,-79.4,-64.19,1
USDPLN,Forex/Standard,0.01,7.032953870384419,1.2967432995086434,0.18438103297807693,-26.54,-32.16,1
USDSEK,Forex/Standard,0.01,8.480774180205271,1.4769648925949113,0.17415448887228388,-12.93,-136.02,1
USDSGD,Forex/Standard,0.01,3.3940443600201173,1.689479859210012,0.49777777777777715,-1.84,-17.84,1
USDTRY,Forex/Standard,0.01,3.3160505964537617,1.0073601591200387,0.30378310879735254,-6665.87,1302.83,1
USDZAR,Forex/Standard,0.01,10.015496581482134,1.1019013920687588,0.11001964636542216,-40.99,4.61,1
CADJPY,Forex/Standard,0.01,5.6368376999702745,0.26082586374711336,0.04627166465135031,-1.08,-11.48,1
GBPCAD,Forex/Standard,0.01,5.399490564531662,0.3960704156617559,0.07335329341317406,0.31,-16.14,1
GBPAUD,Forex/Standard,0.01,5.628230857142866,0.2950080000000001,0.05241576038509531,-11.12,-5.3,1
GBPNZD,Forex/Standard,0.01,8.4109086,0.4188474000000001,0.049798115746971745,-2.41,-20.11,1
NZDCAD,Forex/Standard,0.01,3.829859465729297,0.3041254977402769,0.07940904893813489,-3.51,-5.52,1
NZDCHF,Forex/Standard,0.01,3.576127195636924,0.5190039951237765,0.14513018322082907,1.06,-6.63,1
NZDJPY,Forex/Standard,0.01,4.59454399037283,0.21632076552101495,0.047082096933728855,-1.51,-11.91,1
NZDUSD,Forex/Standard,0.01,4.527142857142872,0.26999999999999996,0.05964026506784454,-3.76,-0.06,1
BRENTCash,Derivatives/Cash,0.01,4.727857142857144,0.05,0.010575615651911162,0.0,0.0,3
NGASCash,Derivatives/Cash,0.01,1.134285714285715,0.16,0.14105793450881604,0.0,0.0,3
OILCash,Derivatives/Cash,0.01,4.757142857142858,0.05,0.01051051051051051,0.0,0.0,3
AUS200Cash,Derivatives/Cash,0.1,11.078500000000012,0.30000000000000004,0.027079478268718662,-1.79,0.33,3
CA60Cash,Derivatives/Cash,0.1,2.3385714285714263,0.10500000000000001,0.04489920586438612,-0.3,-0.04,3
ChinaHCash,Derivatives/Cash,0.1,12.552999999999988,0.52,0.04142436071058715,-1.34,-0.03,3
EU50Cash,Derivatives/Cash,0.1,8.251428571428564,0.23000000000000004,0.027873961218836594,-0.94,-0.01,3
FRA40Cash,Derivatives/Cash,0.1,9.851857142857119,0.23000000000000004,0.023345852123602573,-1.22,-0.01,3
GER40Cash,Derivatives/Cash,0.1,32.1276428571429,0.26,0.008092719442758451,-3.47,-0.04,3
HK50Cash,Derivatives/Cash,0.1,35.642857142857146,1.1,0.030861723446893786,-4.05,-0.08,3
IT40Cash,Derivatives/Cash,0.1,73.24285714285715,1.5,0.02047981275599766,-7.89,-0.09,3
JP225Cash,Derivatives/Cash,0.1,147.62857142857143,0.8,0.005419005225469325,-4.48,-1.49,3
NETH25Cash,Derivatives/Cash,0.1,1.1245714285714323,0.045000000000000005,0.04001524390243889,-0.16,-0.01,3
SWI20Cash,Derivatives/Cash,0.1,18.441071428571416,0.6000000000000001,0.03253607049481943,-1.13,-1.16,3
Sing30Cash,Derivatives/Cash,1.0,7.13928571428571,0.48,0.06723361680840424,-0.06,-0.03,3
UK100Cash,Derivatives/Cash,0.1,12.174642857142864,0.24,0.019713103933820284,-2.02,0.22,3
US100Cash,Derivatives/Cash,0.1,44.2786428571428,0.29,0.006549432893316845,-4.61,0.52,3
US2000Cash,Derivatives/Cash,0.1,3.841142857142859,0.1,0.026033918476643846,-0.53,0.02,3
US30Cash,Derivatives/Cash,0.1,57.322214285714296,0.6000000000000001,0.010467146244724371,-8.08,0.89,3
US500Cash,Derivatives/Cash,0.1,7.501071428571421,0.08000000000000002,0.010665143074798851,-1.21,0.14,3
GOLD,Derivatives/Spot Metals,0.01,89.50000000000007,0.55,0.00614525139664804,-86.84,19.79,1
SILVER,Derivatives/Spot Metals,0.01,119.075,3.5000000000000004,0.029393239554902376,-20.39,4.39,1
XAUEUR,Derivatives/Spot Metals,0.01,69.08785714285712,0.8,0.011579458867074021,-92.42,11.8,1
Ambev,Stocks/Brazil,2.9,1.615714285714286,3.19,1.9743589743589738,-8.65,-1.35,5
BancoBradesco,Stocks/Brazil,2.6,2.5442857142857145,2.6,1.0218978102189782,-8.65,-1.35,5
Gerdau,Stocks/Brazil,1.8,2.7642857142857125,2.3400000000000003,0.8465116279069773,-8.65,-1.35,5
ItauUnibanco,Stocks/Brazil,1.2,2.700000000000001,1.2,0.4444444444444443,-8.65,-1.35,5
PetroleoBra,Stocks/Brazil,0.5,2.8321428571428546,0.8999999999999999,0.3177805800756623,-8.65,-1.35,5
Vale,Stocks/Brazil,0.6,2.33142857142857,0.78,0.3345588235294119,-8.65,-1.35,5
AgnicoEagleMines,Stocks/Canada,0.04,2.5962857142857145,0.5920000000000001,0.22801804776053702,-8.65,-1.35,5
AuroraCannabis,Stocks/Canada,2.1,2.8049999999999993,2.52,0.898395721925134,-8.65,-1.35,5
BankofMontreal,Stocks/Canada,0.05,1.4603571428571425,0.735,0.5033015407190023,-8.65,-1.35,5
BankofNovaScotia,Stocks/Canada,0.09,1.3455000000000006,0.40499999999999997,0.30100334448160526,-8.65,-1.35,5
BarrickGold,Stocks/Canada,0.2,2.4442857142857157,0.6200000000000001,0.2536528345996492,-8.65,-1.35,5
BauschHealth,Stocks/Canada,1.4,3.0700000000000003,1.96,0.6384364820846905,-8.65,-1.35,5
Brookfield,Stocks/Canada,0.2,2.2057142857142864,1.2800000000000002,0.5803108808290154,-8.65,-1.35,5
CanadianImperialBank,Stocks/Canada,0.08,1.6731428571428582,0.46399999999999997,0.2773224043715845,-8.65,-1.35,5
CanadianNationalRailway,Stocks/Canada,0.07,1.3205000000000007,0.6580000000000001,0.49829609996213536,-8.65,-1.35,5
CanadianNaturalResources,Stocks/Canada,0.2,2.485714285714287,0.52,0.2091954022988505,-8.65,-1.35,5
CanadianPacificRailway,Stocks/Canada,0.09,1.3069285714285723,0.6839999999999999,0.5233644859813081,-8.65,-1.35,5
Canopy,Stocks/Canada,8.0,2.399999999999999,4.0,1.6666666666666674,-8.65,-1.35,5
Cronos,Stocks/Canada,2.5,2.2500000000000013,3.25,1.4444444444444438,-8.65,-1.35,5
Enbridge,Stocks/Canada,0.2,1.5228571428571434,0.38,0.24953095684802995,-8.65,-1.35,5
Franco-Nevada,Stocks/Canada,0.04,2.8568571428571414,2.38,0.8330833083308335,-8.65,-1.35,5
KinrossGold,Stocks/Canada,0.3,3.563571428571429,0.9299999999999999,0.2609741431148527,-8.65,-1.35,5
MagnaInternational,Stocks/Canada,0.13,2.2638571428571437,1.105,0.4881050041017225,-8.65,-1.35,5
Manulife,Stocks/Canada,0.2,1.365714285714285,0.4600000000000001,0.33682008368200855,-8.65,-1.35,5
Nutrien,Stocks/Canada,0.12,2.6502857142857135,1.032,0.38939197930142316,-8.65,-1.35,5
PembinaPipeline,Stocks/Canada,0.2,1.7614285714285711,0.86,0.48824006488240074,-8.65,-1.35,5
RBC,Stocks/Canada,0.05,1.470714285714288,0.625,0.4249635745507521,-8.65,-1.35,5
RestaurantBrands,Stocks/Canada,0.11,1.8126428571428532,0.759,0.41872561768530653,-8.65,-1.35,5
RogersCommunications,Stocks/Canada,0.3,3.023571428571428,1.26,0.4167257264351524,-8.65,-1.35,5
Shopify,Stocks/Canada,0.06,4.21157142857143,0.564,0.13391675994708452,-8.65,-1.35,5
SunLife,Stocks/Canada,0.11,1.4771428571428546,0.825,0.5585106382978733,-8.65,-1.35,5
SuncorEnergy,Stocks/Canada,0.13,2.4783571428571443,0.312,0.12588984638441358,-8.65,-1.35,5
TCEnergy,Stocks/Canada,0.14,1.5190000000000012,0.4760000000000001,0.3133640552995389,-8.65,-1.35,5
TeckResources,Stocks/Canada,0.12,3.1474285714285704,0.8400000000000001,0.2668845315904141,-8.65,-1.35,5
Telus,Stocks/Canada,0.9,1.5814285714285743,1.4400000000000002,0.9105691056910553,-8.65,-1.35,5
ThomsonReuters,Stocks/Canada,0.08,3.270857142857143,1.52,0.4647099930118798,-8.65,-1.35,5
Toronto-Dominion,Stocks/Canada,0.07,1.4174999999999975,0.406,0.28641975308642026,-8.65,-1.35,5
WasteConnections,Stocks/Canada,0.05,1.4310714285714283,0.9350000000000002,0.653356625904667,-8.65,-1.35,5
WheatonPreciousMetals,Stocks/Canada,0.06,3.252428571428572,1.104,0.339438661220187,-8.65,-1.35,5
Andritz,Stocks/EU,0.11,1.7717857142857152,1.1880000000000002,0.6705099778270508,-7.44,-2.56,5
CAImmobilien,Stocks/EU,0.4,1.4714285714285713,2.36,1.6038834951456313,-7.44,-2.56,5
ErsteGroupBank,Stocks/EU,0.08,2.182857142857144,0.752,0.34450261780104696,-7.44,-2.56,5
Immofinanz,Stocks/EU,0.6,1.3457142857142859,2.3400000000000003,1.738853503184713,-7.44,-2.56,5
OMV,Stocks/EU,0.14,1.6500000000000046,1.3160000000000003,0.7975757575757555,-7.44,-2.56,5
OesterreichischePost,Stocks/EU,0.3,1.4785714285714289,1.7699999999999998,1.197101449275362,-7.44,-2.56,5
RaiffeisenBank,Stocks/EU,0.14,3.1449999999999974,1.33,0.4228934817170116,-7.44,-2.56,5
SchoellerBleck,Stocks/EU,0.3,2.1792857142857143,2.61,1.1976401179941,-7.44,-2.56,5
TelekomAustria,Stocks/EU,0.9,3.612857142857142,6.300000000000001,1.743772241992883,-7.44,-2.56,5
UNIQA,Stocks/EU,0.6,2.1685714285714277,1.7999999999999998,0.8300395256916998,-7.44,-2.56,5
Verbund,Stocks/EU,0.15,1.8696428571428587,0.8849999999999999,0.4733524355300855,-7.44,-2.56,5
Voestalpine,Stocks/EU,0.2,2.5771428571428583,1.58,0.613082039911308,-7.44,-2.56,5
WienerBerger,Stocks/EU,0.5,2.7964285714285735,1.5,0.5363984674329497,-7.44,-2.56,5
ABInbev,Stocks/EU,0.13,1.9927142857142812,0.6968000000000001,0.34967381174277806,-7.44,-2.56,5
APERAM,Stocks/EU,0.2,2.607142857142855,1.786,0.6850410958904115,-7.44,-2.56,5
Ackermans,Stocks/EU,0.04,1.9485714285714317,1.3948000000000003,0.7158064516129021,-7.44,-2.56,5
Ageas,Stocks/EU,0.12,1.4228571428571437,1.0968,0.7708433734939755,-7.44,-2.56,5
Bekaert,Stocks/EU,0.3,2.4053571428571416,2.064,0.8580846325167043,-7.44,-2.56,5
Bpost,Stocks/EU,6.0,2.1171428571428583,1.7400000000000002,0.8218623481781373,-7.44,-2.56,5
BruxellesLambert,Stocks/EU,0.13,1.2442857142857147,1.4248,1.1450746268656713,-7.44,-2.56,5
Colruyt,Stocks/EU,0.3,2.8457142857142848,2.1119999999999997,0.7421686746987954,-7.44,-2.56,5
Dieteren,Stocks/EU,0.05,2.546428571428571,1.4775,0.5802244039270689,-7.44,-2.56,5
Engie,Stocks/EU,0.4,1.708571428571428,0.6800000000000002,0.39799331103678953,-7.44,-2.56,5
Galapagos,Stocks/EU,0.4,3.3599999999999994,1.516,0.45119047619047625,-7.44,-2.56,5
KBC,Stocks/EU,0.07,1.7324999999999962,0.8246,0.475959595959597,-7.44,-2.56,5
Ontex,Stocks/EU,3.3,2.658857142857141,2.739,1.0301418439716319,-7.44,-2.56,5
Proximus,Stocks/EU,1.5,2.549999999999999,1.56,0.6117647058823532,-7.44,-2.56,5
Sofina,Stocks/EU,0.04,1.8799999999999994,1.6208000000000002,0.8621276595744685,-7.44,-2.56,5
Solvay,Stocks/EU,0.4,2.479999999999999,1.3600000000000003,0.5483870967741938,-7.44,-2.56,5
TessenderloChemie,Stocks/EU,0.4,2.2714285714285722,2.488,1.0953459119496851,-7.44,-2.56,5
UCB,Stocks/EU,0.05,2.4142857142857133,1.6395,0.6790828402366866,-7.44,-2.56,5
Umicore,Stocks/EU,0.4,2.788571428571427,1.4000000000000004,0.5020491803278692,-7.44,-2.56,5
Cargotec,Stocks/EU,0.15,3.0696428571428567,1.755,0.5717277486910994,-7.44,-2.56,5
Elisa,Stocks/EU,0.3,2.3528571428571436,1.311,0.5571948998178504,-7.44,-2.56,5
Fortum,Stocks/EU,0.4,3.786857142857144,1.2320000000000002,0.32533574769880785,-7.44,-2.56,5
Huhtamaki,Stocks/EU,0.3,1.431428571428573,1.236,0.8634730538922147,-7.44,-2.56,5
Kemira,Stocks/EU,0.5,1.5857142857142823,1.125,0.709459459459461,-7.44,-2.56,5
Kesko,Stocks/EU,0.4,1.5371428571428558,1.116,0.7260223048327145,-7.44,-2.56,5
Kone,Stocks/EU,0.2,1.5928571428571427,0.978,0.6139910313901346,-7.44,-2.56,5
Konecranes,Stocks/EU,0.3,2.27142857142857,1.497,0.6590566037735852,-7.44,-2.56,5
Metsa,Stocks/EU,2.6,2.87857142857143,1.586,0.5509677419354836,-7.44,-2.56,5
MetsoOutotec,Stocks/EU,0.5,3.0207142857142837,1.505,0.4982265310948218,-7.44,-2.56,5
Neste,Stocks/EU,0.3,3.2721428571428572,1.6019999999999999,0.48958742632612967,-7.44,-2.56,5
Nokia,Stocks/EU,1.1,5.008142857142861,0.8250000000000001,0.16473172262315647,-7.44,-2.56,5
NokianTyres,Stocks/EU,0.6,2.331857142857145,1.6440000000000001,0.7050174600257298,-7.44,-2.56,5
Orion,Stocks/EU,0.12,1.68857142857143,1.1772,0.6971573604060908,-7.44,-2.56,5
Outokumpu,Stocks/EU,1.6,2.382857142857145,1.504,0.6311750599520378,-7.44,-2.56,5
Sampo,Stocks/EU,1.0,1.508571428571426,0.9299999999999999,0.6164772727272737,-7.44,-2.56,5
StoraEnso,Stocks/EU,0.9,2.3895000000000004,1.125,0.4708097928436911,-7.44,-2.56,5
Tieto,Stocks/EU,0.5,1.7553571428571437,1.36,0.7747711088504574,-7.44,-2.56,5
UPM-Kymmene,Stocks/EU,0.4,2.2828571428571443,1.192,0.5221526908635792,-7.44,-2.56,5
Valmet,Stocks/EU,0.4,1.9114285714285708,1.944,1.017040358744395,-7.44,-2.56,5
Wartsila,Stocks/EU,0.4,3.3514285714285705,1.58,0.47144075021312887,-7.44,-2.56,5
ADP,Stocks/EU,0.09,2.3914285714285697,2.1942,0.9175268817204308,-7.44,-2.56,5
AXA,Stocks/EU,0.3,2.2371428571428567,0.717,0.3204980842911878,-7.44,-2.56,5
Accor,Stocks/EU,0.2,1.7914285714285716,1.12,0.6251993620414674,-7.44,-2.56,5
AirFrance,Stocks/EU,0.8,2.785714285714287,1.672,0.600205128205128,-7.44,-2.56,5
AirLiquide,Stocks/EU,0.06,1.4751428571428566,0.552,0.3742010459035446,-7.44,-2.56,5
Airbus,Stocks/EU,0.05,2.016428571428573,0.605,0.30003542330853683,-7.44,-2.56,5
Alstom,Stocks/EU,0.6,2.6442857142857146,1.2,0.45380875202593196,-7.44,-2.56,5
Alten,Stocks/EU,0.12,2.914285714285712,1.4148,0.48547058823529454,-7.44,-2.56,5
Arkema,Stocks/EU,0.15,2.0839285714285714,1.1444999999999999,0.5492030848329048,-7.44,-2.56,5
BIC,Stocks/EU,0.14,1.5099999999999982,1.8858,1.248874172185432,-7.44,-2.56,5
BNPParibas,Stocks/EU,0.09,2.113071428571429,0.5049,0.23894128384545177,-7.44,-2.56,5
Biomerieux,Stocks/EU,0.12,1.988571428571424,1.6308,0.8200862068965536,-7.44,-2.56,5
Bollore,Stocks/EU,2.3,1.6790000000000012,1.587,0.9452054794520542,-7.44,-2.56,5
Bouygues,Stocks/EU,0.3,2.0764285714285755,1.8599999999999999,0.8957688338493275,-7.44,-2.56,5
BureauVeritas,Stocks/EU,0.4,1.845714285714286,1.3,0.7043343653250773,-7.44,-2.56,5
CGG,Stocks/EU,0.11,4.187857142857142,1.4476,0.3456660412757975,-7.44,-2.56,5
Capgemini,Stocks/EU,0.09,3.204642857142857,1.332,0.41564694082246745,-7.44,-2.56,5
Carrefour,Stocks/EU,0.6,1.7742857142857147,1.1460000000000001,0.6458937198067632,-7.44,-2.56,5
ChristianDior,Stocks/EU,0.03,3.966428571428569,1.5384,0.38785521339816337,-7.44,-2.56,5
CompagnieGenerale,Stocks/EU,0.3,1.9650000000000016,0.99,0.5038167938931294,-7.44,-2.56,5
CompagniedeSaintGobain,Stocks/EU,0.12,1.9508571428571417,0.948,0.4859402460456944,-7.44,-2.56,5
Covivio,Stocks/EU,0.2,1.5942857142857128,1.436,0.900716845878137,-7.44,-2.56,5
CreditAgric,Stocks/EU,0.5,1.5410714285714253,1.09,0.7073001158748566,-7.44,-2.56,5
Danone,Stocks/EU,0.14,1.527999999999999,0.8428,0.5515706806282726,-7.44,-2.56,5
DassaultSystem,Stocks/EU,0.4,2.4100000000000006,1.34,0.5560165975103734,-7.44,-2.56,5
Edenred,Stocks/EU,0.4,2.922857142857144,1.6320000000000001,0.558357771260997,-7.44,-2.56,5
Eiffage,Stocks/EU,0.09,1.4946428571428563,1.2267,0.8207311827956995,-7.44,-2.56,5
Essilor,Stocks/EU,0.06,2.4450000000000016,0.876,0.3582822085889568,-7.44,-2.56,5
Eurazeo,Stocks/EU,0.2,2.0628571428571427,1.676,0.8124653739612189,-7.44,-2.56,5
EurofinsScientific,Stocks/EU,0.13,2.3232857142857166,1.2948000000000002,0.5573141486810546,-7.44,-2.56,5
Eutelsat,Stocks/EU,4.0,2.842857142857142,1.52,0.534673366834171,-7.44,-2.56,5
Faurecia,Stocks/EU,1.0,4.21,1.26,0.2992874109263658,-7.44,-2.56,5
Gaztransport&Technigaz,Stocks/EU,0.05,1.9071428571428584,1.409,0.7388014981273404,-7.44,-2.56,5
Gecina,Stocks/EU,0.13,1.2071428571428597,1.105,0.9153846153846134,-7.44,-2.56,5
Getlink,Stocks/EU,0.5,1.1464285714285718,1.4250000000000003,1.2429906542056073,-7.44,-2.56,5
Hermes,Stocks/EU,0.02,7.078571428571429,4.5676,0.6452714429868819,-7.44,-2.56,5
Icade,Stocks/EU,0.5,1.4857142857142858,1.6700000000000002,1.1240384615384615,-7.44,-2.56,5
Imerys,Stocks/EU,0.4,2.537142857142858,1.8080000000000003,0.7126126126126124,-7.44,-2.56,5
Ipsen,Stocks/EU,0.06,2.639999999999999,1.6458,0.6234090909090912,-7.44,-2.56,5
Ipsos,Stocks/EU,0.3,2.2028571428571415,1.764,0.8007782101167319,-7.44,-2.56,5
JCDecaux,Stocks/EU,0.4,1.8628571428571448,1.7480000000000002,0.9383435582822076,-7.44,-2.56,5
Kering,Stocks/EU,0.04,2.9714285714285706,1.308,0.4401923076923078,-7.44,-2.56,5
KlepierreReit,Stocks/EU,0.3,1.3157142857142874,1.419,1.078501628664494,-7.44,-2.56,5
Korian,Stocks/EU,2.3,2.635142857142856,1.564,0.5935162094763096,-7.44,-2.56,5
LVMH,Stocks/EU,0.02,1.9957142857142862,0.8,0.4008589835361488,-7.44,-2.56,5
Lagardere,Stocks/EU,0.5,2.057142857142859,2.31,1.1229166666666657,-7.44,-2.56,5
Legrand,Stocks/EU,0.07,2.869999999999999,0.9310000000000002,0.32439024390243915,-7.44,-2.56,5
Loreal,Stocks/EU,0.03,2.3292857142857155,1.1099999999999999,0.4765409383624653,-7.44,-2.56,5
Mercialys,Stocks/EU,0.8,1.451428571428571,1.3840000000000003,0.9535433070866146,-7.44,-2.56,5
Nexans,Stocks/EU,0.07,3.2699999999999996,1.6667000000000003,0.5096941896024467,-7.44,-2.56,5
Nexity,Stocks/EU,1.4,3.420999999999999,1.414,0.41332943583747456,-7.44,-2.56,5
Orange,Stocks/EU,0.6,1.9457142857142866,0.8580000000000001,0.4409691629955945,-7.44,-2.56,5
PernodRicard,Stocks/EU,0.14,1.6200000000000003,1.0920000000000003,0.674074074074074,-7.44,-2.56,5
PlasticOmnium,Stocks/EU,0.7,2.6099999999999985,1.708,0.6544061302681996,-7.44,-2.56,5
Publicis,Stocks/EU,0.09,1.8115714285714255,0.8280000000000001,0.4570617459190924,-7.44,-2.56,5
RemyCointreau,Stocks/EU,0.2,2.3542857142857154,1.9660000000000002,0.8350728155339803,-7.44,-2.56,5
Renault,Stocks/EU,0.3,2.727857142857145,1.62,0.5938727415553805,-7.44,-2.56,5
Rexel,Stocks/EU,0.3,3.1607142857142843,1.341,0.4242711864406781,-7.44,-2.56,5
Rubis,Stocks/EU,0.3,2.659285714285715,1.47,0.5527800161160353,-7.44,-2.56,5
SES,Stocks/EU,1.9,3.2625714285714276,1.501,0.46006655574043276,-7.44,-2.56,5
Safran,Stocks/EU,0.03,2.3700000000000006,0.6269999999999999,0.2645569620253164,-7.44,-2.56,5
Sanofi,Stocks/EU,0.12,1.5822857142857134,0.516,0.3261105092091009,-7.44,-2.56,5
SchneiderElectric,Stocks/EU,0.03,2.4728571428571424,0.51,0.20623916811091855,-7.44,-2.56,5
Scor,Stocks/EU,0.3,1.9842857142857135,1.236,0.6228941684665229,-7.44,-2.56,5
SocieteGen,Stocks/EU,0.13,2.476500000000003,0.6682000000000001,0.26981627296587896,-7.44,-2.56,5
Sodexo,Stocks/EU,0.2,2.078571428571429,1.8,0.8659793814432988,-7.44,-2.56,5
Soitec,Stocks/EU,0.07,7.62405,1.0913000000000002,0.14313914520497636,-7.44,-2.56,5
Teleperformance,Stocks/EU,0.13,2.8748571428571412,1.17,0.4069767441860468,-7.44,-2.56,5
Thales,Stocks/EU,0.04,2.157142857142856,1.1308,0.5242119205298016,-7.44,-2.56,5
Total,Stocks/EU,0.12,1.7888571428571434,0.4884,0.2730234786775275,-7.44,-2.56,5
Ubisoft,Stocks/EU,1.8,4.185000000000004,1.5480000000000003,0.36989247311827933,-7.44,-2.56,5
UnibailRodamco,Stocks/EU,0.1,1.4928571428571402,1.17,0.7837320574162693,-7.44,-2.56,5
Valeo,Stocks/EU,0.7,4.075,1.61,0.3950920245398773,-7.44,-2.56,5
Veolia,Stocks/EU,0.3,1.3778571428571427,0.9209999999999999,0.668429237947123,-7.44,-2.56,5
Vinci,Stocks/EU,0.08,1.2857142857142858,0.6352000000000001,0.49404444444444445,-7.44,-2.56,5
Vivendi,Stocks/EU,5.0,1.9571428571428573,1.15,0.5875912408759123,-7.44,-2.56,5
Wendel,Stocks/EU,0.11,1.477142857142858,1.5972,1.0812765957446802,-7.44,-2.56,5
Adidas,Stocks/EU,0.07,2.4814999999999983,1.4140000000000001,0.5698166431593797,-7.44,-2.56,5
Aixtron,Stocks/EU,0.3,5.567142857142859,1.56,0.2802155504234025,-7.44,-2.56,5
AllianzAG,Stocks/EU,0.02,1.5514285714285703,0.516,0.3325966850828732,-7.44,-2.56,5
Aurubis,Stocks/EU,0.05,2.9249999999999994,1.6500000000000001,0.5641025641025643,-7.44,-2.56,5
BASFAG,Stocks/EU,0.2,2.0742857142857143,0.7800000000000001,0.37603305785123975,-7.44,-2.56,5
BMW,Stocks/EU,0.15,2.603571428571428,1.11,0.4263374485596708,-7.44,-2.56,5
BayerAG,Stocks/EU,0.2,2.425714285714286,1.0600000000000003,0.43698468786808004,-7.44,-2.56,5
Beiersdorf,Stocks/EU,0.12,1.9337142857142848,1.308,0.6764184397163124,-7.44,-2.56,5
BilfingerBerger,Stocks/EU,0.11,4.13285714285714,1.4960000000000002,0.3619771863117873,-7.44,-2.56,5
Brenntag,Stocks/EU,0.15,1.9714285714285702,1.14,0.5782608695652177,-7.44,-2.56,5
CarlZeiss,Stocks/EU,0.3,2.997857142857143,1.89,0.6304503216583273,-7.44,-2.56,5
Commerzbank,Stocks/EU,0.3,2.8264285714285697,1.542,0.5455648218347237,-7.44,-2.56,5
Continental,Stocks/EU,0.13,2.360428571428573,1.417,0.6003147128245473,-7.44,-2.56,5
DTBoerse,Stocks/EU,0.04,2.177142857142855,0.792,0.36377952755905546,-7.44,-2.56,5
DTTelekom,Stocks/EU,0.4,2.451428571428572,0.6680000000000001,0.27249417249417246,-7.44,-2.56,5
Daimler,Stocks/EU,0.2,2.3628571428571425,0.9,0.380894800483676,-7.44,-2.56,5
DeutschBank,Stocks/EU,0.3,2.684999999999999,0.723,0.2692737430167598,-7.44,-2.56,5
DeutschPost,Stocks/EU,0.2,2.154285714285713,0.774,0.3592838196286474,-7.44,-2.56,5
DeutscheEuroshop,Stocks/EU,0.5,2.5071428571428584,3.2,1.2763532763532757,-7.44,-2.56,5
Duerr,Stocks/EU,0.5,2.3714285714285728,1.5,0.6325301204819272,-7.44,-2.56,5
E.ON,Stocks/EU,0.5,1.6017857142857115,0.63,0.39331103678929835,-7.44,-2.56,5
Fraport,Stocks/EU,0.15,2.405357142857142,1.65,0.6859688195991094,-7.44,-2.56,5
Freenet,Stocks/EU,0.4,1.777142857142858,1.3200000000000003,0.7427652733118969,-7.44,-2.56,5
Fresenius,Stocks/EU,0.2,2.134285714285717,0.8400000000000001,0.39357429718875453,-7.44,-2.56,5
FreseniusMedical,Stocks/EU,0.3,2.367857142857142,1.44,0.6081447963800907,-7.44,-2.56,5
FuchsPetrolub,Stocks/EU,0.3,2.108571428571426,1.59,0.7540650406504074,-7.44,-2.56,5
GEA,Stocks/EU,0.14,1.4449999999999983,1.1620000000000001,0.8041522491349491,-7.44,-2.56,5
Gerresheimer,Stocks/EU,0.4,4.251428571428571,1.9600000000000002,0.4610215053763441,-7.44,-2.56,5
HannoverRe,Stocks/EU,0.04,1.8285714285714303,1.324,0.7240624999999994,-7.44,-2.56,5
Heidelbergcement,Stocks/EU,0.06,2.663571428571431,1.368,0.513596138374899,-7.44,-2.56,5
Henkel,Stocks/EU,0.13,1.5507142857142875,1.3259999999999998,0.8550898203592805,-7.44,-2.56,5
Hochtief,Stocks/EU,0.03,4.426928571428572,2.466,0.5570453555351178,-7.44,-2.56,5
Infineon,Stocks/EU,0.2,5.1485714285714295,0.9460000000000002,0.1837402885682575,-7.44,-2.56,5
Jungheinrich,Stocks/EU,0.4,2.908571428571427,1.9600000000000002,0.6738703339882126,-7.44,-2.56,5
K&S,Stocks/EU,0.6,3.0128571428571402,1.32,0.4381223328591754,-7.44,-2.56,5
Krones,Stocks/EU,0.08,1.7714285714285722,1.8319999999999999,1.0341935483870963,-7.44,-2.56,5
LEG,Stocks/EU,0.2,1.8371428571428572,1.22,0.6640746500777606,-7.44,-2.56,5
Lanxess,Stocks/EU,0.6,3.3042857142857165,1.62,0.4902723735408558,-7.44,-2.56,5
Linde,Stocks/US,0.02,1.3328571428571423,0.462,0.34662379421221884,-8.65,-1.35,5
Lufthansa,Stocks/EU,1.2,2.1351428571428546,1.536,0.7193898032918515,-7.44,-2.56,5
MRG,Stocks/EU,0.02,1.8971428571428564,0.716,0.377409638554217,-7.44,-2.56,5
MTU,Stocks/EU,0.03,2.8200000000000007,1.413,0.501063829787234,-7.44,-2.56,5
Merck,Stocks/EU,0.07,1.857500000000003,0.9520000000000002,0.5125168236877515,-7.44,-2.56,5
Nordex,Stocks/EU,0.3,5.129999999999999,1.95,0.3801169590643276,-7.44,-2.56,5
Norma,Stocks/EU,0.5,3.325,1.4000000000000001,0.4210526315789474,-7.44,-2.56,5
Pfandbriefbank,Stocks/EU,2.6,3.138571428571428,2.08,0.6627218934911244,-7.44,-2.56,5
Porsche,Stocks/EU,0.4,3.4914285714285707,1.4000000000000004,0.4009819967266778,-7.44,-2.56,5
Prosiebensat,Stocks/EU,2.4,3.5485714285714285,2.64,0.7439613526570048,-7.44,-2.56,5
Puma,Stocks/EU,0.4,2.7914285714285723,1.6400000000000003,0.5875127942681677,-7.44,-2.56,5
QIEN,Stocks/EU,0.3,2.685,1.8599999999999999,0.6927374301675977,-7.44,-2.56,5
RWE,Stocks/EU,0.2,2.848571428571432,1.0920000000000003,0.383350050150451,-7.44,-2.56,5
Rational,Stocks/EU,0.02,2.392857142857143,2.17,0.9068656716417911,-7.44,-2.56,5
Rheinmetall,Stocks/EU,0.02,6.952857142857142,1.864,0.26809122662831314,-7.44,-2.56,5
SAP,Stocks/EU,0.05,2.6171428571428557,0.67,0.25600436681222727,-7.44,-2.56,5
SGL,Stocks/EU,2.2,4.902857142857145,3.0800000000000005,0.6282051282051281,-7.44,-2.56,5
SMASolar,Stocks/EU,0.15,4.673571428571429,2.295,0.4910591471801926,-7.44,-2.56,5
Salzgitter,Stocks/EU,0.2,5.9142857142857155,1.94,0.3280193236714975,-7.44,-2.56,5
Siemens,Stocks/EU,0.04,2.4014285714285704,0.66,0.27483640690065453,-7.44,-2.56,5
Suedzucker,Stocks/EU,0.7,2.334999999999999,2.03,0.8693790149892936,-7.44,-2.56,5
Symrise,Stocks/EU,0.1,1.9628571428571453,1.11,0.5655021834061129,-7.44,-2.56,5
T-Immobilien,Stocks/EU,0.7,2.0299999999999994,1.3299999999999998,0.6551724137931036,-7.44,-2.56,5
Thyssenkrupp,Stocks/EU,0.6,3.827142857142855,1.32,0.34490481522956346,-7.44,-2.56,5
UnitedInternet,Stocks/EU,0.4,2.6228571428571428,1.8800000000000001,0.7167755991285404,-7.44,-2.56,5
Volkswagen,Stocks/EU,0.12,3.244285714285715,1.464,0.4512549537648612,-7.44,-2.56,5
Vonovia,Stocks/EU,0.5,1.9178571428571431,1.2,0.6256983240223463,-7.44,-2.56,5
Wacker,Stocks/EU,0.1,3.078571428571429,2.13,0.6918793503480277,-7.44,-2.56,5
Zalando,Stocks/EU,0.4,2.4600000000000004,1.6,0.6504065040650407,-7.44,-2.56,5
AlphaBank,Stocks/EU,2.0,2.7942857142857136,1.22,0.43660531697341526,-7.44,-2.56,5
EEE,Stocks/EU,0.2,2.6408571428571435,1.4900000000000002,0.5642107540841717,-7.44,-2.56,5
Eurobank,Stocks/EU,2.0,2.215714285714285,1.1600000000000001,0.5235332043842684,-7.44,-2.56,5
HTO,Stocks/EU,0.5,1.6549999999999976,1.545,0.9335347432024182,-7.44,-2.56,5
Jumbo,Stocks/EU,0.4,2.415999999999999,1.444,0.5976821192052982,-7.44,-2.56,5
MotorOil,Stocks/EU,0.14,3.8238000000000056,1.0822000000000003,0.28301689418902626,-7.44,-2.56,5
Mytilineos,Stocks/EU,0.2,2.2079999999999984,1.1460000000000001,0.5190217391304353,-7.44,-2.56,5
NBG,Stocks/EU,0.6,2.732142857142851,1.2899999999999998,0.47215686274509905,-7.44,-2.56,5
OPAP,Stocks/EU,0.7,1.8099999999999987,1.057,0.5839779005524866,-7.44,-2.56,5
PPC,Stocks/EU,0.4,2.2451428571428615,1.2000000000000002,0.5344871468567055,-7.44,-2.56,5
PiraeusBank,Stocks/EU,0.9,2.5489285714285748,1.1340000000000001,0.4448928121059263,-7.44,-2.56,5
A2A,Stocks/EU,3.9,1.6463571428571446,1.4040000000000001,0.8527918781725881,-7.44,-2.56,5
Amplifon,Stocks/EU,0.8,2.237142857142856,1.6400000000000003,0.7330779054916992,-7.44,-2.56,5
AnimaHolding,Stocks/EU,1.3,2.033571428571429,1.8460000000000003,0.9077625570776255,-7.44,-2.56,5
AssicurazioniGenerali,Stocks/EU,0.3,2.2842857142857103,0.8969999999999999,0.392682926829269,-7.44,-2.56,5
Azimut,Stocks/EU,0.3,2.3721428571428644,1.41,0.5943992773261048,-7.44,-2.56,5
BPERBanca,Stocks/EU,0.7,1.9129999999999963,0.9169999999999999,0.4793518034500793,-7.44,-2.56,5
BancaGenerali,Stocks/EU,0.14,1.8550000000000026,1.4084,0.759245283018867,-7.44,-2.56,5
BancaMediolanum,Stocks/EU,0.4,1.8685714285714274,1.436,0.7685015290519883,-7.44,-2.56,5
BancoBPM,Stocks/EU,0.6,1.9907142857142852,0.9239999999999999,0.4641550053821314,-7.44,-2.56,5
Brembo,Stocks/EU,0.9,2.291785714285713,1.7730000000000001,0.7736325385694254,-7.44,-2.56,5
BrunelloCucinelli,Stocks/EU,0.1,2.0242857142857114,1.4610000000000003,0.7217360621030356,-7.44,-2.56,5
BuzziUnicem,Stocks/EU,0.3,3.100714285714288,2.238,0.7217691776088453,-7.44,-2.56,5
CNHIndustrial,Stocks/US,0.8,4.097142857142858,1.52,0.3709902370990236,-8.65,-1.35,5
DavideCampari,Stocks/EU,1.6,1.8857142857142861,1.44,0.7636363636363634,-7.44,-2.56,5
DeLonghi,Stocks/EU,0.3,2.2542857142857122,1.989,0.882319391634982,-7.44,-2.56,5
DiaSorin,Stocks/EU,0.12,2.1822857142857135,1.6608,0.7610369206598588,-7.44,-2.56,5
ERG,Stocks/EU,0.5,2.342857142857141,1.92,0.8195121951219518,-7.44,-2.56,5
Enel,Stocks/EU,1.0,1.5457142857142856,0.51,0.3299445471349354,-7.44,-2.56,5
Eni,Stocks/EU,0.4,1.938285714285713,0.9560000000000001,0.49321933962264186,-7.44,-2.56,5
Ferrari,Stocks/EU,0.03,2.329349999999998,0.9375,0.4024727928392044,-7.44,-2.56,5
Fincantieri,Stocks/EU,0.8,3.1000000000000023,2.0560000000000005,0.6632258064516124,-7.44,-2.56,5
FinecoBank,Stocks/EU,0.4,2.108571428571427,1.1360000000000001,0.5387533875338757,-7.44,-2.56,5
Hera,Stocks/EU,2.4,1.68342857142857,1.1039999999999999,0.6558044806517317,-7.44,-2.56,5
Interpump,Stocks/EU,0.3,2.7985714285714294,1.4549999999999998,0.5199081163859111,-7.44,-2.56,5
IntesaSanpaolo,Stocks/EU,1.4,1.6799999999999986,0.518,0.30833333333333357,-7.44,-2.56,5
Iren,Stocks/EU,3.6,1.7511428571428584,1.368,0.7812041116005868,-7.44,-2.56,5
Italgas,Stocks/EU,1.1,1.6437142857142857,1.342,0.8164435946462716,-7.44,-2.56,5
JuventusFC,Stocks/EU,4.0,2.0571428571428556,1.88,0.9138888888888895,-7.44,-2.56,5
Leonardo,Stocks/EU,0.2,2.5128571428571433,1.016,0.4043206367254121,-7.44,-2.56,5
Mediaset,Stocks/EU,2.5,3.4660714285714302,1.825,0.5265327150953114,-7.44,-2.56,5
Mediobanca,Stocks/EU,0.4,2.2657142857142882,1.6440000000000001,0.725598991172761,-7.44,-2.56,5
Moncler,Stocks/EU,0.2,2.4357142857142833,1.164,0.47788856304985383,-7.44,-2.56,5
Pirelli&C,Stocks/EU,1.4,1.7999999999999992,1.694,0.9411111111111116,-7.44,-2.56,5
PosteItaliane,Stocks/EU,0.4,2.7571428571428562,1.584,0.5745077720207257,-7.44,-2.56,5
Prysmian,Stocks/EU,0.08,3.5857142857142854,1.0968,0.30588047808764945,-7.44,-2.56,5
Recordati,Stocks/EU,0.2,0.39999999999999764,1.6280000000000001,4.070000000000025,-7.44,-2.56,5
STMicroelectronics,Stocks/EU,0.3,4.966500000000001,1.425,0.2869223799456357,-7.44,-2.56,5
Saipem,Stocks/EU,2.1,2.270999999999999,1.4910000000000003,0.6565389696169092,-7.44,-2.56,5
Salvatore,Stocks/EU,1.0,3.489285714285713,1.7200000000000002,0.49293756397134103,-7.44,-2.56,5
Snam,Stocks/EU,1.6,1.444571428571427,1.088,0.7531645569620262,-7.44,-2.56,5
Stellantis,Stocks/EU,1.9,3.025071428571426,1.216,0.4019739793629434,-7.44,-2.56,5
Technogym,Stocks/EU,0.7,2.7250000000000014,1.8830000000000002,0.6910091743119262,-7.44,-2.56,5
TelecomItalia,Stocks/EU,1.2,2.0554285714285707,1.1387999999999998,0.5540450375312763,-7.44,-2.56,5
Tenaris,Stocks/EU,0.4,2.377142857142857,1.3040000000000003,0.5485576923076925,-7.44,-2.56,5
Terna,Stocks/EU,1.0,1.5900000000000005,0.9199999999999999,0.5786163522012576,-7.44,-2.56,5
UniCredit,Stocks/EU,0.11,1.9815714285714283,0.5236000000000001,0.2642347343378271,-7.44,-2.56,5
Unipol,Stocks/EU,0.4,2.3400000000000034,1.444,0.6170940170940161,-7.44,-2.56,5
Webuild,Stocks/EU,4.0,3.1485714285714286,1.6400000000000001,0.5208711433756806,-7.44,-2.56,5
ABNAMRO,Stocks/EU,0.3,2.3678571428571407,1.221,0.5156561085972856,-7.44,-2.56,5
ASM,Stocks/EU,0.02,6.914285714285712,1.8019999999999998,0.26061983471074385,-7.44,-2.56,5
ASMLHolding,Stocks/EU,0.02,9.34285714285714,1.9620000000000002,0.21000000000000008,-7.44,-2.56,5
AalbertsIndustries,Stocks/EU,0.3,2.854285714285714,1.5,0.5255255255255256,-7.44,-2.56,5
Aegon,Stocks/EU,1.2,1.4108571428571404,1.14,0.8080194410692602,-7.44,-2.56,5
AholdDelhaize,Stocks/EU,0.3,1.6735714285714274,0.8580000000000001,0.5126760563380286,-7.44,-2.56,5
Arcadis,Stocks/EU,0.3,3.240000000000004,2.1599999999999997,0.6666666666666657,-7.44,-2.56,5
ArcelorMittal,Stocks/EU,0.14,2.6656999999999984,1.2768000000000002,0.47897362794012865,-7.44,-2.56,5
BAM,Stocks/EU,0.8,2.3428571428571416,1.44,0.6146341463414637,-7.44,-2.56,5
Eurocommercial,Stocks/EU,0.4,2.5,1.72,0.688,-7.44,-2.56,5
Fugro,Stocks/EU,1.0,2.15,1.5,0.6976744186046512,-7.44,-2.56,5
Heineken,Stocks/EU,0.13,1.641714285714284,1.183,0.7205882352941185,-7.44,-2.56,5
ING,Stocks/EU,0.3,1.6660714285714275,0.6210000000000001,0.3727331189710613,-7.44,-2.56,5
KPN,Stocks/EU,2.2,1.7128571428571429,1.1,0.6422018348623855,-7.44,-2.56,5
NNGroup,Stocks/EU,0.12,1.5291428571428562,0.876,0.5728699551569509,-7.44,-2.56,5
OCI,Stocks/EU,2.2,1.052857142857143,1.7600000000000002,1.6716417910447763,-7.44,-2.56,5
Philips,Stocks/EU,0.4,1.4771428571428578,0.8720000000000001,0.590328820116054,-7.44,-2.56,5
PostNL,Stocks/EU,9.0,1.8000000000000016,2.6999999999999997,1.4999999999999987,-7.44,-2.56,5
RandstadHolding,Stocks/EU,0.3,3.295714285714285,2.04,0.6189856957087128,-7.44,-2.56,5
Relx,Stocks/EU,0.3,2.48142857142857,1.11,0.44732297063903304,-7.44,-2.56,5
SBM,Stocks/EU,0.3,2.31,1.8299999999999998,0.792207792207792,-7.44,-2.56,5
TomTom,Stocks/EU,2.2,2.93857142857143,2.2,0.7486631016042778,-7.44,-2.56,5
Vopak,Stocks/EU,0.2,1.517142857142856,1.4800000000000002,0.9755178907721289,-7.44,-2.56,5
Wereldhave,Stocks/EU,0.5,2.414285714285715,1.3,0.5384615384615383,-7.44,-2.56,5
WoltersKluwer,Stocks/EU,0.13,2.7467142857142854,1.4820000000000004,0.5395537525354971,-7.44,-2.56,5
Aker,Stocks/EU,0.3,25.65000000000001,12.915,0.5035087719298244,-9.25,-0.75,5
AkerSolutions,Stocks/EU,1.8,18.822857142857146,12.024000000000001,0.6387978142076502,-9.25,-0.75,5
BW,Stocks/EU,0.4,30.85714285714287,17.012,0.5513148148148147,-9.25,-0.75,5
Bakkafrost,Stocks/EU,0.2,20.414285714285718,11.124000000000002,0.5449125262421273,-9.25,-0.75,5
DNB,Stocks/EU,0.3,12.471428571428556,10.767,0.8633333333333344,-9.25,-0.75,5
DNO,Stocks/EU,4.0,20.599999999999984,8.120000000000001,0.39417475728155377,-9.25,-0.75,5
Equinor,Stocks/EU,0.2,23.699999999999985,11.568,0.4881012658227852,-9.25,-0.75,5
Gjensidige,Stocks/EU,0.3,12.771428571428558,13.677000000000001,1.0709060402684576,-9.25,-0.75,5
GriegSeafood,Stocks/EU,2.6,16.75142857142857,16.822000000000003,1.0042128603104215,-9.25,-0.75,5
LeroySeafood,Stocks/EU,1.7,14.984285714285727,12.495,0.8338735818476491,-9.25,-0.75,5
Mowi,Stocks/EU,0.4,16.82857142857144,9.444,0.5611884550084887,-9.25,-0.75,5
NorskHydro,Stocks/EU,0.8,15.43999999999999,8.384,0.5430051813471507,-9.25,-0.75,5
NorwegianAir,Stocks/EU,5.0,14.535714285714299,10.250000000000002,0.7051597051597046,-9.25,-0.75,5
Orkla,Stocks/EU,0.8,10.457142857142856,8.392,0.8025136612021858,-9.25,-0.75,5
Salmar,Stocks/EU,0.14,18.650000000000002,11.592,0.6215549597855228,-9.25,-0.75,5
Storebrand,Stocks/EU,0.4,11.714285714285692,9.432,0.8051707317073188,-9.25,-0.75,5
Subsea,Stocks/EU,0.3,22.58571428571427,14.735999999999999,0.6524478178368126,-9.25,-0.75,5
TGSNOPEC,Stocks/EU,0.6,27.471428571428593,12.786000000000001,0.46542901716068613,-9.25,-0.75,5
Telenor,Stocks/EU,0.6,13.714285714285708,12.51,0.9121875000000004,-9.25,-0.75,5
YaraInternational,Stocks/EU,0.2,23.142857142857142,11.780000000000001,0.5090123456790123,-9.25,-0.75,5
BancoComercial,Stocks/EU,7.0,1.4875000000000016,1.1689999999999998,0.7858823529411756,-7.44,-2.56,5
CorticeiraAmorim,Stocks/EU,1.3,2.3400000000000003,2.067,0.8833333333333332,-7.44,-2.56,5
EDP,Stocks/EU,1.9,1.9257857142857138,0.8359999999999999,0.43410852713178305,-7.44,-2.56,5
EDPRenovaveis,Stocks/EU,0.7,2.314999999999999,1.687,0.7287257019438447,-7.44,-2.56,5
GalpEnergia,Stocks/EU,0.5,2.4714285714285684,1.59,0.6433526011560702,-7.44,-2.56,5
JeronimoMartins,Stocks/EU,0.5,2.0410714285714286,1.46,0.7153105861767279,-7.44,-2.56,5
Mota-Engil,Stocks/EU,1.9,3.5665714285714287,1.8619999999999999,0.5220700152207002,-7.44,-2.56,5
NOS,Stocks/EU,1.8,2.314285714285714,1.5839999999999999,0.6844444444444445,-7.44,-2.56,5
Navigator,Stocks/EU,2.8,1.1240000000000003,1.7919999999999998,1.5943060498220634,-7.44,-2.56,5
Semapa,Stocks/EU,0.5,2.3571428571428577,5.105,2.1657575757575755,-7.44,-2.56,5
Sonae,Stocks/EU,4.0,1.8200000000000007,1.52,0.8351648351648348,-7.44,-2.56,5
ACS,Stocks/EU,0.09,2.719285714285712,0.8999999999999999,0.33096926713948016,-7.44,-2.56,5
Acciona,Stocks/EU,0.05,3.460714285714282,2.2595,0.6528998968008264,-7.44,-2.56,5
Acerinox,Stocks/EU,0.5,1.907142857142857,1.065,0.5584269662921348,-7.44,-2.56,5
Aena,Stocks/EU,0.4,2.2342857142857135,1.356,0.60690537084399,-7.44,-2.56,5
Almirall,Stocks/EU,0.9,1.9285714285714286,1.665,0.8633333333333334,-7.44,-2.56,5
Amadeus,Stocks/EU,0.2,2.5799999999999983,1.158,0.44883720930232585,-7.44,-2.56,5
BBVA,Stocks/EU,0.4,1.8771428571428572,0.5720000000000001,0.30471841704718416,-7.44,-2.56,5
BancodeSabadell,Stocks/EU,2.5,1.5982142857142865,1.25,0.7821229050279326,-7.44,-2.56,5
Bankinter,Stocks/EU,0.6,1.8085714285714265,1.188,0.6568720379146927,-7.44,-2.56,5
Caixabank,Stocks/EU,0.7,1.8974999999999977,0.805,0.4242424242424247,-7.44,-2.56,5
Cellnex,Stocks/EU,0.4,2.3799999999999986,0.9960000000000001,0.4184873949579834,-7.44,-2.56,5
EbroFoods,Stocks/EU,0.5,1.439285714285711,2.055,1.4277915632754377,-7.44,-2.56,5
Enagas,Stocks/EU,0.6,1.5085714285714307,1.2779999999999998,0.8471590909090897,-7.44,-2.56,5
Endesa,Stocks/EU,0.3,2.239285714285713,1.8359999999999999,0.819904306220096,-7.44,-2.56,5
Ferrovial,Stocks/EU,0.2,1.9228571428571422,1.1280000000000001,0.5866270430906393,-7.44,-2.56,5
Grifols,Stocks/EU,0.9,1.686857142857141,1.0620000000000003,0.629573170731708,-7.44,-2.56,5
IAG,Stocks/EU,1.8,2.1677142857142866,0.918,0.4234875444839856,-7.44,-2.56,5
Iberdola,Stocks/EU,0.5,1.4874999999999985,0.5850000000000001,0.3932773109243702,-7.44,-2.56,5
Inditex,Stocks/EU,0.2,2.0971428571428556,1.12,0.5340599455040878,-7.44,-2.56,5
IndraSistemas,Stocks/EU,0.15,2.727857142857142,1.635,0.5993715632364496,-7.44,-2.56,5
Inmobiliaria,Stocks/EU,1.7,1.2689285714285747,1.139,0.8976076555023902,-7.44,-2.56,5
Mapfre,Stocks/EU,2.0,1.6914285714285704,1.58,0.9341216216216222,-7.44,-2.56,5
MeliaHotels,Stocks/EU,0.9,2.0185714285714265,1.692,0.838216560509555,-7.44,-2.56,5
MerlinProperties,Stocks/EU,0.7,2.0199999999999996,1.225,0.6064356435643565,-7.44,-2.56,5
NaturgyEnergy,Stocks/EU,0.4,1.7600000000000013,1.4960000000000002,0.8499999999999994,-7.44,-2.56,5
RedElectrica,Stocks/EU,0.6,1.0414285714285711,1.11,1.065843621399177,-7.44,-2.56,5
Repsol,Stocks/EU,0.4,3.3371428571428576,1.048,0.31404109589041096,-7.44,-2.56,5
Sacyr,Stocks/EU,2.1,1.611,1.1340000000000001,0.7039106145251397,-7.44,-2.56,5
Santander,Stocks/EU,0.7,1.8039999999999976,0.483,0.2677383592017742,-7.44,-2.56,5
TecnicasReunidas,Stocks/EU,0.4,4.800000000000003,2.14,0.44583333333333314,-7.44,-2.56,5
Telefonica,Stocks/EU,2.5,1.8749999999999982,0.8500000000000001,0.4533333333333338,-7.44,-2.56,5
Viscofan,Stocks/EU,0.2,1.5999999999999983,1.5140000000000002,0.946250000000001,-7.44,-2.56,5
AlfaLaval,Stocks/EU,0.2,21.257142857142853,13.14,0.6181451612903228,-6.67,-3.33,5
AssaAbloy,Stocks/EU,0.3,17.871428571428567,12.15,0.6798561151079138,-6.67,-3.33,5
AstraZeneca,Stocks/EU,0.07,24.650000000000006,8.876000000000001,0.3600811359026369,-6.67,-3.33,5
AtlasCopco,Stocks/EU,0.5,26.517857142857185,9.55,0.3601346801346796,-6.67,-3.33,5
Autoliv,Stocks/EU,0.09,22.37142857142857,15.183000000000002,0.6786781609195403,-6.67,-3.33,5
Betsson,Stocks/EU,1.1,22.10999999999999,16.5,0.7462686567164183,-6.67,-3.33,5
BillerudKorsnas,Stocks/EU,1.3,23.02857142857144,20.02,0.869354838709677,-6.67,-3.33,5
Boliden,Stocks/EU,0.2,38.99999999999996,17.92,0.45948717948718004,-6.67,-3.33,5
Castellum,Stocks/EU,0.8,15.142857142857167,15.52,1.0249056603773568,-6.67,-3.33,5
Electrolux,Stocks/EU,3.6,28.67142857142857,24.12,0.8412556053811661,-6.67,-3.33,5
Elekta,Stocks/EU,1.9,23.58714285714287,19.95,0.8457997698504023,-6.67,-3.33,5
Ericsson,Stocks/EU,1.1,23.925000000000004,16.28,0.6804597701149424,-6.67,-3.33,5
Essity,Stocks/EU,0.4,16.057142857142903,15.600000000000001,0.9715302491103175,-6.67,-3.33,5
Fabege,Stocks/EU,1.4,15.799999999999995,17.22,1.0898734177215192,-6.67,-3.33,5
Getinge,Stocks/EU,0.5,20.107142857142883,17.6,0.8753108348134979,-6.67,-3.33,5
H&M,Stocks/EU,0.6,19.73571428571429,17.58,0.8907709011943538,-6.67,-3.33,5
Hexagon,Stocks/EU,1.0,18.45714285714287,13.200000000000001,0.7151702786377705,-6.67,-3.33,5
Holmen,Stocks/EU,0.4,23.371428571428595,18.56,0.7941320293398526,-6.67,-3.33,5
Hufvudstaden,Stocks/EU,0.9,13.50000000000001,20.43,1.5133333333333323,-6.67,-3.33,5
Husqvarna,Stocks/EU,2.7,23.219999999999985,19.71,0.8488372093023261,-6.67,-3.33,5
Industrivarden,Stocks/EU,0.2,16.857142857142858,17.36,1.0298305084745762,-6.67,-3.33,5
IntrumJustitia,Stocks/EU,25.0,42.85714285714285,22.499999999999996,0.525,-6.67,-3.33,5
Investor,Stocks/EU,0.3,16.446428571428545,9.24,0.5618241042345286,-6.67,-3.33,5
Kinnevik,Stocks/EU,1.7,28.487142857142874,15.98,0.560954816709292,-6.67,-3.33,5
Loomis,Stocks/EU,0.2,17.928571428571427,16.5,0.9203187250996017,-6.67,-3.33,5
LundinEnergy,Stocks/EU,13.0,43.64285714285715,28.6,0.6553191489361702,-6.67,-3.33,5
ModernTimes,Stocks/EU,0.8,26.59999999999999,19.04,0.7157894736842108,-6.67,-3.33,5
NCC,Stocks/EU,0.6,19.62857142857142,15.239999999999998,0.7764192139737994,-6.67,-3.33,5
NordeaBank,Stocks/EU,0.6,18.021428571428586,10.68,0.5926278240190245,-6.67,-3.33,5
Peab,Stocks/EU,1.1,20.860714285714284,15.620000000000001,0.7487758945386065,-6.67,-3.33,5
Ratos,Stocks/EU,2.7,19.517142857142844,15.66,0.802371541501977,-6.67,-3.33,5
SCA,Stocks/EU,0.9,18.578571428571415,14.85,0.7993079584775094,-6.67,-3.33,5
SEB,Stocks/EU,0.5,16.999999999999996,12.85,0.7558823529411766,-6.67,-3.33,5
SKF,Stocks/EU,0.4,26.228571428571435,15.8,0.60239651416122,-6.67,-3.33,5
SSAB,Stocks/EU,1.0,28.000000000000004,15.3,0.5464285714285714,-6.67,-3.33,5
Sandvik,Stocks/EU,0.3,30.7885714285714,18.09,0.5875556792873057,-6.67,-3.33,5
Securitas,Stocks/EU,0.7,13.700000000000003,15.329999999999998,1.1189781021897809,-6.67,-3.33,5
Skanska,Stocks/EU,0.4,21.485714285714298,15.240000000000002,0.7093085106382975,-6.67,-3.33,5
Sobi,Stocks/EU,0.3,30.08571428571428,23.970000000000002,0.7967236467236469,-6.67,-3.33,5
SvenskaHandelsbanken,Stocks/EU,0.7,14.124999999999998,11.829999999999998,0.8375221238938053,-6.67,-3.33,5
Swedbank,Stocks/EU,0.3,21.51428571428571,13.110000000000001,0.609362549800797,-6.67,-3.33,5
Tele2,Stocks/EU,0.6,18.514285714285688,14.159999999999998,0.764814814814816,-6.67,-3.33,5
TeliaSonera,Stocks/EU,2.3,20.798571428571442,15.87,0.7630331753554497,-6.67,-3.33,5
Trelleborg,Stocks/EU,0.3,24.900000000000023,19.56,0.7855421686746981,-6.67,-3.33,5
Volvo,Stocks/EU,0.3,17.849999999999987,9.51,0.5327731092436978,-6.67,-3.33,5
ABB,Stocks/EU,0.15,2.984999999999997,0.72,0.241206030150754,-4.96,-5.04,5
AMS,Stocks/EU,0.7,10.505,2.45,0.23322227510709187,-4.96,-5.04,5
Adecco,Stocks/EU,0.5,3.9500000000000006,1.9,0.481012658227848,-4.96,-5.04,5
BBBiotech,Stocks/EU,0.3,3.3321428571428595,2.88,0.8643086816720251,-4.96,-5.04,5
Clariant,Stocks/EU,1.1,2.404285714285715,2.2,0.915032679738562,-4.96,-5.04,5
DKSH,Stocks/EU,0.2,1.8857142857142841,2.32,1.2303030303030313,-4.96,-5.04,5
Dufry,Stocks/EU,0.3,3.424285714285712,2.3400000000000003,0.6833541927409266,-4.96,-5.04,5
EMS,Stocks/EU,0.02,2.6714285714285717,2.43,0.9096256684491979,-4.96,-5.04,5
Givaudan,Stocks/EU,0.01,6.953571428571429,3.1839999999999997,0.4578941961992809,-4.96,-5.04,5
Holcim,Stocks/EU,0.2,3.0971428571428627,1.3600000000000003,0.43911439114391076,-4.96,-5.04,5
JuliusBaer,Stocks/EU,0.15,2.346428571428572,1.41,0.6009132420091323,-4.96,-5.04,5
Kuehne&Nagel,Stocks/EU,0.06,3.4157142857142855,1.8599999999999999,0.5445420326223338,-4.96,-5.04,5
Logitech,Stocks/EU,0.15,4.067142857142858,1.7699999999999998,0.43519494204425696,-4.96,-5.04,5
Lonza,Stocks/EU,0.02,2.154285714285717,1.126,0.5226790450928376,-4.96,-5.04,5
Nestle,Stocks/EU,0.15,2.1846428571428587,0.6449999999999999,0.2952427660617948,-4.96,-5.04,5
Novartis,Stocks/EU,0.1,3.2385714285714258,0.67,0.20688134097926794,-4.96,-5.04,5
Oerlikon,Stocks/EU,2.2,3.708571428571434,3.0800000000000005,0.8305084745762702,-4.96,-5.04,5
Richemont,Stocks/EU,0.06,2.305714285714286,0.666,0.28884758364312263,-4.96,-5.04,5
Roche,Stocks/EU,0.04,2.971428571428573,0.7560000000000001,0.2544230769230768,-4.96,-5.04,5
SGS,Stocks/EU,0.13,1.8450714285714291,1.1960000000000002,0.6482133870156013,-4.96,-5.04,5
Sika,Stocks/EU,0.06,2.663571428571429,1.026,0.3851971037811745,-4.96,-5.04,5
Sonova,Stocks/EU,0.05,2.0857142857142885,1.465,0.7023972602739719,-4.96,-5.04,5
Swatch,Stocks/EU,0.06,2.496428571428571,1.572,0.6296995708154507,-4.96,-5.04,5
SwissLife,Stocks/EU,0.02,2.655714285714284,1.7400000000000002,0.655190962883271,-4.96,-5.04,5
SwissRe,Stocks/EU,0.08,2.1428571428571446,1.064,0.496533333333333,-4.96,-5.04,5
Swisscom,Stocks/EU,0.02,2.492857142857143,1.72,0.689971346704871,-4.96,-5.04,5
Temenos,Stocks/EU,0.2,3.8214285714285716,2.54,0.6646728971962617,-4.96,-5.04,5
UBS,Stocks/EU,0.3,3.404999999999994,0.72,0.21145374449339244,-4.96,-5.04,5
ZurichInsurance,Stocks/EU,0.02,1.7600000000000007,0.6659999999999999,0.3784090909090908,-4.96,-5.04,5
3iGroup,Stocks/EU,0.03,2.0346428571428556,1.131,0.5558715113217486,-8.73,-1.27,5
Admiral,Stocks/EU,0.2,1.44857142857143,0.9800000000000001,0.6765285996055221,-8.73,-1.27,5
AngloAmerican,Stocks/EU,0.15,2.3174999999999994,0.705,0.3042071197411004,-8.73,-1.27,5
Antofagasta,Stocks/EU,0.2,3.4671428571428544,1.34,0.38648537288833984,-8.73,-1.27,5
Ashmore,Stocks/EU,2.8,2.048000000000001,0.9239999999999999,0.45117187499999983,-8.73,-1.27,5
AssociatedBritishFoods,Stocks/EU,0.3,1.485,1.02,0.686868686868687,-8.73,-1.27,5
Aviva,Stocks/EU,0.09,0.9604285714285707,0.612,0.6372155287817943,-8.73,-1.27,5
BAESystems,Stocks/EU,0.04,1.874285714285717,0.5720000000000001,0.3051829268292679,-8.73,-1.27,5
BATobacco,Stocks/EU,0.15,1.2535714285714288,0.35700000000000004,0.2847863247863247,-8.73,-1.27,5
BHPGroup,Stocks/EU,0.2,1.7885714285714291,0.43,0.24041533546325874,-8.73,-1.27,5
BP,Stocks/EU,0.12,1.7999999999999972,0.3648,0.20266666666666697,-8.73,-1.27,5
BTGroup,Stocks/EU,0.3,1.464642857142856,0.7260000000000001,0.49568397951719134,-8.73,-1.27,5
Babcock,Stocks/EU,0.6,1.7271428571428569,0.8400000000000001,0.4863523573200994,-8.73,-1.27,5
BalfourBeatty,Stocks/EU,0.7,1.4050000000000011,0.784,0.558007117437722,-8.73,-1.27,5
Barclays,Stocks/EU,0.13,1.4550714285714306,0.44070000000000004,0.3028717294192721,-8.73,-1.27,5
Barratt,Stocks/EU,0.2,2.0000000000000004,0.8,0.3999999999999999,-8.73,-1.27,5
Bellway,Stocks/EU,0.3,1.6671428571428581,0.882,0.5290488431876603,-8.73,-1.27,5
BerkeleyGroup,Stocks/EU,0.2,1.5142857142857158,0.876,0.5784905660377354,-8.73,-1.27,5
BritishLand,Stocks/EU,1.5,1.285714285714287,0.8999999999999999,0.6999999999999994,-8.73,-1.27,5
Bunzl,Stocks/EU,0.3,1.1828571428571404,1.02,0.8623188405797119,-8.73,-1.27,5
Burberry,Stocks/EU,0.06,1.92,1.08,0.5625,-8.73,-1.27,5
Capital&Counties,Stocks/EU,4.0,1.1800000000000002,0.7200000000000001,0.6101694915254238,-8.73,-1.27,5
Centrica,Stocks/EU,4.0,1.3914285714285728,0.8,0.5749486652977407,-8.73,-1.27,5
CloseBrothers,Stocks/EU,1.5,2.4417857142857127,1.245,0.50987275120667,-8.73,-1.27,5
ConvaTec,Stocks/EU,2.7,1.1995714285714285,0.7830000000000001,0.6527331189710612,-8.73,-1.27,5
CrestNicholson,Stocks/EU,9.0,2.378571428571422,1.71,0.7189189189189209,-8.73,-1.27,5
Croda,Stocks/EU,0.2,1.3871428571428563,0.86,0.6199794026776523,-8.73,-1.27,5
DCC,Stocks/EU,0.1,0.19642857142856893,0.79,4.021818181818234,-8.73,-1.27,5
DerwentLondon,Stocks/EU,0.3,1.1207142857142849,0.771,0.687954110898662,-8.73,-1.27,5
Diageo,Stocks/EU,0.4,1.3442857142857128,0.6520000000000001,0.4850159404888422,-8.73,-1.27,5
DixonsCarphone,Stocks/EU,4.0,1.4657142857142855,0.76,0.5185185185185186,-8.73,-1.27,5
Dominos,Stocks/EU,2.9,1.4437857142857153,0.8410000000000001,0.5824964131994257,-8.73,-1.27,5
Drax,Stocks/EU,0.8,1.325714285714285,0.8,0.6034482758620694,-8.73,-1.27,5
Electrocomponents,Stocks/EU,0.9,1.5479999999999996,0.846,0.5465116279069768,-8.73,-1.27,5
Experian,Stocks/EU,0.3,1.9864285714285725,0.8999999999999999,0.4530744336569576,-8.73,-1.27,5
First,Stocks/EU,3.5,1.530000000000001,0.875,0.571895424836601,-8.73,-1.27,5
FrasersGroup,Stocks/EU,0.8,1.9971428571428573,1.3840000000000003,0.6929899856938484,-8.73,-1.27,5
Fresnillo,Stocks/EU,0.2,2.475714285714286,1.04,0.4200807847663012,-8.73,-1.27,5
GSK,Stocks/EU,0.04,1.6642857142857141,0.5,0.30042918454935624,-8.73,-1.27,5
Glencore,Stocks/EU,1.1,2.01457142857143,0.4730000000000001,0.23478939157566286,-8.73,-1.27,5
GreatPortland,Stocks/EU,1.9,1.5607142857142848,0.969,0.6208695652173917,-8.73,-1.27,5
Greencore,Stocks/EU,2.3,1.0448571428571416,0.8739999999999999,0.8364779874213847,-8.73,-1.27,5
Greggs,Stocks/EU,0.4,1.7342857142857147,1.156,0.6665568369028005,-8.73,-1.27,5
HSBC,Stocks/EU,0.04,1.2000000000000004,0.3144,0.2619999999999999,-8.73,-1.27,5
Halma,Stocks/EU,0.2,1.9971428571428558,1.164,0.5828326180257515,-8.73,-1.27,5
Hays,Stocks/EU,7.0,1.82,0.91,0.5000000000000001,-8.73,-1.27,5
Hikma,Stocks/EU,0.4,1.4428571428571435,0.784,0.5433663366336632,-8.73,-1.27,5
Hiscox,Stocks/EU,0.4,1.2942857142857147,0.892,0.6891832229580572,-8.73,-1.27,5
HowdenJoinery,Stocks/EU,0.8,1.3371428571428572,0.8160000000000001,0.6102564102564104,-8.73,-1.27,5
IMI,Stocks/EU,0.2,1.062857142857143,0.754,0.7094086021505376,-8.73,-1.27,5
ITV,Stocks/EU,8.0,0.8914285714285685,0.8,0.8974358974359005,-8.73,-1.27,5
ImperialBrands,Stocks/EU,0.3,1.2921428571428566,0.72,0.557213930348259,-8.73,-1.27,5
Inchcape,Stocks/EU,0.8,1.3085714285714294,0.8640000000000001,0.6602620087336242,-8.73,-1.27,5
Informa,Stocks/EU,0.7,1.2699999999999994,0.84,0.6614173228346459,-8.73,-1.27,5
IntermediateCapital,Stocks/EU,0.4,1.8314285714285696,1.0280000000000002,0.5613104524180974,-8.73,-1.27,5
Intertek,Stocks/EU,0.11,0.10999999999999933,0.8029999999999999,7.300000000000044,-8.73,-1.27,5
Investec,Stocks/EU,1.0,1.5714285714285707,0.8700000000000001,0.5536363636363639,-8.73,-1.27,5
JohnsonMatthey,Stocks/EU,0.3,1.6542857142857172,0.87,0.5259067357512944,-8.73,-1.27,5
JupiterFund,Stocks/EU,3.6,1.5891428571428579,1.0440000000000003,0.6569579288025887,-8.73,-1.27,5
Kingfisher,Stocks/EU,2.0,1.9185714285714277,0.76,0.3961280714817574,-8.73,-1.27,5
LSE,Stocks/EU,0.02,3.8885714285714283,1.26,0.3240264511388685,-8.73,-1.27,5
Lancashire,Stocks/EU,1.0,1.3050000000000002,0.81,0.6206896551724138,-8.73,-1.27,5
LandSecurities,Stocks/EU,0.9,1.1507142857142845,0.8099999999999999,0.7039106145251404,-8.73,-1.27,5
Legal&Gen,Stocks/EU,0.3,1.527857142857143,0.8400000000000001,0.5497896213183731,-8.73,-1.27,5
Lloyds,Stocks/EU,0.6,1.425,0.46199999999999997,0.3242105263157895,-8.73,-1.27,5
ManGroup,Stocks/EU,0.2,1.3885714285714266,0.8,0.5761316872427992,-8.73,-1.27,5
Marks&Spen,Stocks/EU,0.2,2.1528571428571426,0.9800000000000001,0.45520902455209034,-8.73,-1.27,5
Mitchells&Butlers,Stocks/EU,2.2,2.0192857142857155,1.4960000000000002,0.7408560311284044,-8.73,-1.27,5
Mondi,Stocks/EU,0.7,1.544999999999999,0.84,0.5436893203883498,-8.73,-1.27,5
Moneysupermarket,Stocks/EU,3.0,2.7557142857142862,0.8700000000000001,0.3157076205287713,-8.73,-1.27,5
NatWest,Stocks/EU,0.09,1.4271428571428588,0.441,0.3090090090090087,-8.73,-1.27,5
NationalGrid,Stocks/EU,0.6,1.1614285714285717,0.492,0.4236162361623615,-8.73,-1.27,5
Next,Stocks/EU,0.02,6.785714285714286,2.9,0.42736842105263156,-8.73,-1.27,5
Ocado,Stocks/EU,2.6,2.375285714285715,0.9360000000000002,0.3940578577013291,-8.73,-1.27,5
Pagegroup,Stocks/EU,2.8,2.0999999999999988,1.0919999999999999,0.5200000000000004,-8.73,-1.27,5
Pearson,Stocks/EU,0.5,1.0857142857142867,0.8,0.7368421052631573,-8.73,-1.27,5
Pennon,Stocks/EU,1.3,1.4021428571428554,0.793,0.5655629139072855,-8.73,-1.27,5
Persimmon,Stocks/EU,0.6,1.9928571428571407,1.14,0.5720430107526888,-8.73,-1.27,5
PetsatHome,Stocks/EU,2.9,1.648857142857143,0.9279999999999999,0.5628140703517588,-8.73,-1.27,5
PhoenixHoldings,Stocks/EU,0.7,1.6125000000000007,0.791,0.49054263565891454,-8.73,-1.27,5
Prudential,Stocks/EU,0.06,1.1348571428571441,0.5820000000000001,0.5128398791540779,-8.73,-1.27,5
RITCapital,Stocks/EU,0.3,1.9499999999999993,1.719,0.8815384615384619,-8.73,-1.27,5
ReckittBenckiser,Stocks/EU,0.12,1.1519999999999997,0.576,0.5000000000000001,-8.73,-1.27,5
Renishaw,Stocks/EU,0.13,2.851642857142855,1.17,0.41028980788016967,-8.73,-1.27,5
Rentokil,Stocks/EU,1.8,1.2599999999999993,1.2600000000000002,1.0000000000000007,-8.73,-1.27,5
Rightmove,Stocks/EU,1.2,2.104285714285716,0.756,0.35926680244399156,-8.73,-1.27,5
RioTinto,Stocks/EU,0.08,1.3314285714285705,0.3464,0.26017167381974265,-8.73,-1.27,5
Rolls-Royce,Stocks/EU,0.05,1.7835714285714286,0.6000000000000001,0.3364036844213056,-8.73,-1.27,5
Rotork,Stocks/EU,1.3,0.11699999999999866,0.9100000000000001,7.777777777777867,-8.73,-1.27,5
SEGRO,Stocks/EU,0.7,0.8450000000000005,1.1199999999999999,1.3254437869822475,-8.73,-1.27,5
SSE,Stocks/EU,0.3,1.6521428571428582,0.75,0.45395590142671827,-8.73,-1.27,5
Sage,Stocks/EU,0.6,1.7014285714285706,0.96,0.5642317380352647,-8.73,-1.27,5
Sainsbury,Stocks/EU,0.2,1.2242857142857146,0.8,0.6534422403733954,-8.73,-1.27,5
Savills,Stocks/EU,0.6,1.4142857142857137,0.9299999999999999,0.6575757575757578,-8.73,-1.27,5
Schroders,Stocks/EU,1.1,0.05500000000000022,1.1,19.999999999999922,-8.73,-1.27,5
ScottishMortgage,Stocks/EU,0.5,1.299999999999999,0.75,0.5769230769230774,-8.73,-1.27,5
Serco,Stocks/EU,2.4,1.0182857142857156,0.8640000000000001,0.8484848484848475,-8.73,-1.27,5
SevernTrent,Stocks/EU,0.2,1.062857142857143,0.7800000000000001,0.7338709677419355,-8.73,-1.27,5
Smith&Nephew,Stocks/EU,0.6,1.3757142857142874,0.8400000000000001,0.6105919003115258,-8.73,-1.27,5
SmithsGroup,Stocks/EU,0.3,1.658571428571429,0.9299999999999999,0.5607235142118862,-8.73,-1.27,5
SpiraxSarco,Stocks/EU,0.09,1.4849999999999997,0.8244,0.5551515151515153,-8.73,-1.27,5
StJames,Stocks/EU,0.6,1.8942857142857112,1.26,0.665158371040725,-8.73,-1.27,5
StandardLife,Stocks/EU,2.5,1.517857142857143,1.25,0.8235294117647058,-8.73,-1.27,5
StdCharter,Stocks/EU,0.03,1.5385714285714276,0.474,0.30807799442896955,-8.73,-1.27,5
TaylorWimpey,Stocks/EU,7.0,1.425,0.7699999999999999,0.5403508771929824,-8.73,-1.27,5
Tesco,Stocks/EU,0.14,1.3149999999999995,0.5880000000000001,0.44714828897338427,-8.73,-1.27,5
TravisPerkins,Stocks/EU,1.0,2.0085714285714293,1.02,0.5078236130867708,-8.73,-1.27,5
Tui,Stocks/EU,1.3,2.275000000000001,1.3,0.5714285714285712,-7.44,-2.56,5
Unilever,Stocks/EU,0.02,1.4849999999999974,0.524,0.3528619528619535,-8.73,-1.27,5
UnitedUtilities,Stocks/EU,0.5,1.228571428571429,0.8999999999999999,0.7325581395348835,-8.73,-1.27,5
Victrex,Stocks/EU,0.8,3.7742857142857114,1.12,0.296744890234671,-8.73,-1.27,5
VistryGroup,Stocks/EU,2.1,2.617500000000001,1.092,0.41719197707736383,-8.73,-1.27,5
Vodafone,Stocks/EU,0.5,1.3535714285714278,0.86,0.6353562005277049,-8.73,-1.27,5
WHSmith,Stocks/EU,1.5,2.0582142857142864,0.99,0.4809994794377927,-8.73,-1.27,5
WPP,Stocks/EU,1.7,1.882142857142857,1.02,0.5419354838709678,-8.73,-1.27,5
Weir,Stocks/EU,0.3,2.3271428571428574,1.446,0.6213627992633516,-8.73,-1.27,5
Whitbread,Stocks/EU,0.3,1.1721428571428578,0.8999999999999999,0.7678244972577692,-8.73,-1.27,5
3DSystems,Stocks/US,2.6,4.68,3.12,0.6666666666666666,-8.65,-1.35,5
3MCo,Stocks/US,0.05,1.6496428571428614,0.47500000000000003,0.2879411127949766,-8.65,-1.35,5
ACADIA,Stocks/US,0.3,3.0835714285714264,1.3499999999999999,0.43780403057678974,-8.65,-1.35,5
AGNC,Stocks/US,0.8,1.6285714285714303,1.3600000000000003,0.8350877192982448,-8.65,-1.35,5
AIG,Stocks/US,0.11,1.4496428571428552,0.6489999999999999,0.4476964769647702,-8.65,-1.35,5
AMC,Stocks/US,0.7,3.63,1.8199999999999998,0.5013774104683196,-8.65,-1.35,5
AMETEK,Stocks/US,0.04,2.0788571428571427,0.9359999999999999,0.4502473886750962,-8.65,-1.35,5
AMEX,Stocks/US,0.03,1.6581428571428558,0.40499999999999997,0.2442491599896616,-8.65,-1.35,5
AOSmith,Stocks/US,0.14,1.5060000000000002,1.0360000000000003,0.6879150066401062,-8.65,-1.35,5
AT&T,Stocks/US,0.4,2.44857142857143,0.56,0.22870478413068837,-8.65,-1.35,5
AbbVie,Stocks/US,0.04,1.907999999999999,0.576,0.30188679245283034,-8.65,-1.35,5
Abbott,Stocks/US,0.08,1.6725714285714282,0.36800000000000005,0.22002049880423646,-8.65,-1.35,5
AbercFitch,Stocks/US,0.06,3.4804285714285674,2.244,0.6447481837212172,-8.65,-1.35,5
Accenture,Stocks/US,0.05,3.4235714285714303,0.6550000000000001,0.19132067598581257,-8.65,-1.35,5
Adobe,Stocks/US,0.03,2.8403571428571417,0.489,0.17216144850999632,-8.65,-1.35,5
AdvMicroDev,Stocks/US,0.02,5.628142857142857,1.034,0.18371957255628601,-8.65,-1.35,5
AdvanceAutoParts,Stocks/US,0.2,3.5371428571428583,1.7800000000000002,0.5032310177705976,-8.65,-1.35,5
Aes,Stocks/US,0.6,0.20571428571428743,1.2,5.833333333333285,-8.65,-1.35,5
Aflac,Stocks/US,0.08,1.3497142857142845,0.472,0.3497036409822188,-8.65,-1.35,5
Agilent,Stocks/US,0.06,2.905714285714285,1.2779999999999998,0.4398230088495576,-8.65,-1.35,5
AirProductsAndChemicals,Stocks/US,0.03,1.574785714285717,0.63,0.4000544291740366,-8.65,-1.35,5
Airbnb,Stocks/US,0.05,2.509285714285714,0.665,0.2650156561343582,-8.65,-1.35,5
Akamai,Stocks/US,0.08,4.653714285714289,1.144,0.24582514734774052,-8.65,-1.35,5
AlaskaAir,Stocks/US,0.2,2.935714285714287,1.18,0.4019464720194646,-8.65,-1.35,5
Albemarle,Stocks/US,0.07,3.5029999999999983,1.344,0.38367113902369415,-8.65,-1.35,5
Alcoa,Stocks/US,0.2,3.3014285714285694,1.4000000000000004,0.4240588489831245,-8.65,-1.35,5
Alibaba,Stocks/US,0.07,1.969000000000003,0.43400000000000005,0.22041645505332627,-8.65,-1.35,5
AlignTechnology,Stocks/US,0.06,2.724428571428571,2.01,0.7377693880761366,-8.65,-1.35,5
Allegion,Stocks/US,0.06,1.8432857142857124,1.188,0.6445012787723791,-8.65,-1.35,5
Alliance,Stocks/US,0.08,3.241714285714287,1.9440000000000002,0.5996827075621363,-8.65,-1.35,5
Alliant,Stocks/US,0.13,1.2489285714285678,0.8580000000000001,0.6869888475836452,-8.65,-1.35,5
Allstate,Stocks/US,0.04,2.439142857142859,0.7440000000000001,0.3050251844910388,-8.65,-1.35,5
AllyFinancial,Stocks/US,0.2,2.017142857142858,1.1400000000000003,0.565155807365439,-8.65,-1.35,5
Altria,Stocks/US,0.13,1.5042857142857144,0.338,0.22469135802469134,-8.65,-1.35,5
Amazon,Stocks/US,0.03,1.7166428571428562,0.591,0.3442766196479842,-8.65,-1.35,5
Ameren,Stocks/US,0.08,1.1411428571428597,0.696,0.6099148723084614,-8.65,-1.35,5
AmericanAirlines,Stocks/US,0.7,2.835000000000002,1.47,0.518518518518518,-8.65,-1.35,5
AmericanEagle,Stocks/US,0.5,3.560714285714287,1.3,0.3650952858575726,-8.65,-1.35,5
AmericanElectric,Stocks/US,0.07,1.2354999999999998,0.4620000000000001,0.37393767705382447,-8.65,-1.35,5
AmericanTower,Stocks/US,0.05,1.892857142857144,0.63,0.3328301886792451,-8.65,-1.35,5
AmericanWaterWorks,Stocks/US,0.06,1.3714285714285763,0.828,0.6037499999999979,-8.65,-1.35,5
Ameriprise,Stocks/US,0.02,2.9290000000000016,1.41,0.48139296688289496,-8.65,-1.35,5
AmerisourceBergen,Stocks/US,0.03,2.118857142857145,1.077,0.5082928802588991,-8.65,-1.35,5
Amgen,Stocks/US,0.02,2.2000000000000006,0.35600000000000004,0.16181818181818178,-8.65,-1.35,5
Amphenol,Stocks/US,0.11,2.863142857142857,0.6160000000000001,0.21514818880351266,-8.65,-1.35,5
AnalogDevices,Stocks/US,0.03,3.155571428571426,1.425,0.45158223550183385,-8.65,-1.35,5
AnnalyCapital,Stocks/US,0.4,1.545714285714286,1.12,0.7245841035120149,-8.65,-1.35,5
AnteroResources,Stocks/US,0.3,3.7907142857142846,1.47,0.3877897117015264,-8.65,-1.35,5
Anthem,Stocks/US,0.03,3.000857142857141,0.831,0.27692087974864343,-8.65,-1.35,5
Aon,Stocks/US,0.03,2.009785714285716,0.819,0.40750613071756014,-8.65,-1.35,5
Apache,Stocks/US,0.2,3.2157142857142866,1.02,0.317192358951577,-8.65,-1.35,5
Apple,Stocks/US,0.02,1.4520000000000008,0.454,0.31267217630853983,-8.65,-1.35,5
AppliedMaterials,Stocks/US,0.02,3.575571428571426,0.826,0.2310120260497824,-8.65,-1.35,5
Applovin,Stocks/US,0.03,4.2801428571428595,1.179,0.27545809552418127,-8.65,-1.35,5
Aptiv,Stocks/US,0.2,2.825714285714286,1.22,0.4317492416582406,-8.65,-1.35,5
ArcherDaniels,Stocks/US,0.11,2.4742142857142855,0.825,0.3334391870435059,-8.65,-1.35,5
AresCapital,Stocks/US,0.5,1.346428571428571,1.25,0.9283819628647216,-8.65,-1.35,5
AresManagement,Stocks/US,0.07,2.9700000000000015,1.7360000000000002,0.5845117845117842,-8.65,-1.35,5
Arista,Stocks/US,0.05,3.35035714285714,0.6550000000000001,0.1955015456774333,-8.65,-1.35,5
ArthurJGallagher,Stocks/US,0.04,2.711142857142856,1.056,0.3895036357888083,-8.65,-1.35,5
Assurant,Stocks/US,0.03,1.8289285714285681,1.323,0.7233743409490346,-8.65,-1.35,5
Atlassian,Stocks/US,0.05,4.111428571428571,1.44,0.3502432244614316,-8.65,-1.35,5
AtmosEnergy,Stocks/US,0.05,1.0646428571428572,0.8800000000000001,0.8265682656826567,-8.65,-1.35,5
Autodesk,Stocks/US,0.04,3.208857142857145,1.304,0.4063752114682573,-8.65,-1.35,5
AutomaticData,Stocks/US,0.03,1.679357142857143,0.44099999999999995,0.2626004848794181,-8.65,-1.35,5
Autozone,Stocks/US,0.01,7.9644285714285825,4.422,0.5552187404710223,-8.65,-1.35,5
Avantor,Stocks/US,0.6,2.7985714285714294,1.32,0.47166921898928016,-8.65,-1.35,5
AveryDennison,Stocks/US,0.05,1.9264285714285725,1.345,0.6981831664812752,-8.65,-1.35,5
AvisBudget,Stocks/US,0.06,3.2245714285714273,2.322,0.7200956937799046,-8.65,-1.35,5
Baidu,Stocks/US,0.09,2.4730714285714304,0.882,0.35664153886145017,-8.65,-1.35,5
BakerHughes,Stocks/US,0.14,2.5309999999999997,0.44800000000000006,0.177005136309759,-8.65,-1.35,5
BallCorp,Stocks/US,0.13,1.4810714285714284,0.949,0.6407523510971789,-8.65,-1.35,5
Baxter,Stocks/US,0.4,2.8285714285714274,1.6,0.565656565656566,-8.65,-1.35,5
BectonDickinson,Stocks/US,0.05,2.0946428571428592,0.9,0.42966751918158524,-8.65,-1.35,5
BerkshireHathaway,Stocks/US,0.02,1.2545714285714278,0.34,0.27100888180368954,-8.65,-1.35,5
BestBuy,Stocks/US,0.1,3.0599999999999987,1.43,0.4673202614379087,-8.65,-1.35,5
BeyondMeat,Stocks/US,0.6,5.215714285714287,1.98,0.3796220213640098,-8.65,-1.35,5
Bill,Stocks/US,0.2,3.5814285714285683,1.6800000000000002,0.4690865576386123,-8.65,-1.35,5
BioNTech,Stocks/US,0.09,2.7225000000000006,2.277,0.8363636363636362,-8.65,-1.35,5
Biogen,Stocks/US,0.04,2.368857142857143,1.18,0.4981305029550115,-8.65,-1.35,5
Biomarin,Stocks/US,0.13,2.2406428571428574,1.3390000000000002,0.597596353087443,-8.65,-1.35,5
Black&Decker,Stocks/US,0.09,2.1387857142857167,1.449,0.6774872257288842,-8.65,-1.35,5
Blackberry,Stocks/US,1.1,4.227142857142857,2.09,0.49442379182156143,-8.65,-1.35,5
Blackrock,Stocks/US,0.02,4.713857142857152,1.7460000000000002,0.3703973088462581,-8.65,-1.35,5
Blackstone,Stocks/US,0.06,2.3091428571428563,0.9840000000000001,0.4261321455085377,-8.65,-1.35,5
Boeing,Stocks/US,0.04,2.1908571428571437,0.64,0.2921231090245174,-8.65,-1.35,5
BofAmerica,Stocks/US,0.14,1.8920000000000003,0.32200000000000006,0.17019027484143762,-8.65,-1.35,5
BofNewYork,Stocks/US,0.06,1.815000000000001,0.348,0.19173553719008252,-8.65,-1.35,5
Booking,Stocks/US,0.05,3.0007142857142863,0.795,0.26493691978100453,-8.65,-1.35,5
BorgWarner,Stocks/US,0.13,2.5907142857142866,1.625,0.6272401433691754,-8.65,-1.35,5
BostonProperties,Stocks/US,0.12,1.6165714285714277,1.116,0.690349946977731,-8.65,-1.35,5
BostonScientific,Stocks/US,0.2,2.7214285714285715,0.8800000000000001,0.3233595800524935,-8.65,-1.35,5
BristolMyer,Stocks/US,0.13,1.5080000000000016,0.338,0.2241379310344825,-8.65,-1.35,5
Broadcom,Stocks/US,0.03,3.0175714285714283,0.5459999999999999,0.18094020735690955,-8.65,-1.35,5
Broadridge,Stocks/US,0.05,2.1014285714285705,0.9050000000000001,0.43065941536369834,-8.65,-1.35,5
Brookdale,Stocks/US,0.8,2.7257142857142846,1.7600000000000002,0.6457023060796648,-8.65,-1.35,5
Brown-Forman,Stocks/US,0.4,3.0257142857142876,2.04,0.6742209631728041,-8.65,-1.35,5
Bumble,Stocks/US,3.1,3.7421428571428565,3.4100000000000006,0.9112426035502962,-8.65,-1.35,5
CBRE,Stocks/US,0.06,2.380285714285714,0.936,0.3932301044292402,-8.65,-1.35,5
CDW,Stocks/US,0.06,3.4889999999999985,1.452,0.4161650902837491,-8.65,-1.35,5
CFIndustries,Stocks/US,0.06,2.9408571428571406,1.41,0.4794520547945209,-8.65,-1.35,5
CHRobinson,Stocks/US,0.06,2.4368571428571384,1.3800000000000001,0.5663032008441797,-8.65,-1.35,5
CIENA,Stocks/US,0.03,6.026785714285712,2.2920000000000003,0.38030222222222243,-8.65,-1.35,5
CME,Stocks/US,0.03,1.5210000000000017,0.5219999999999999,0.343195266272189,-8.65,-1.35,5
CMS,Stocks/US,0.13,1.2777142857142882,0.65,0.5087209302325572,-8.65,-1.35,5
CNX,Stocks/US,0.3,2.777142857142857,1.62,0.5833333333333333,-8.65,-1.35,5
CSX,Stocks/US,0.2,1.5928571428571427,0.52,0.32645739910313903,-8.65,-1.35,5
CVS,Stocks/US,0.09,1.7749285714285739,0.32399999999999995,0.1825425570445488,-8.65,-1.35,5
Cadence,Stocks/US,0.03,2.8823571428571433,1.032,0.3580402944019031,-8.65,-1.35,5
Campbell,Stocks/US,0.4,2.7028571428571433,1.3600000000000003,0.5031712473572938,-8.65,-1.35,5
CapitalOne,Stocks/US,0.04,1.774285714285714,0.42800000000000005,0.24122383252818042,-8.65,-1.35,5
CapriHoldings,Stocks/US,0.7,5.535,1.54,0.27822944896115626,-8.65,-1.35,5
Cardinal,Stocks/US,0.04,1.880857142857141,0.652,0.3466504633145986,-8.65,-1.35,5
Carmax,Stocks/US,0.14,2.911999999999999,1.4980000000000002,0.5144230769230772,-8.65,-1.35,5
Carrier,Stocks/US,0.14,2.2050000000000005,1.1480000000000004,0.5206349206349206,-8.65,-1.35,5
Caterpillar,Stocks/US,0.02,3.7985714285714303,1.1159999999999999,0.29379465964648355,-8.65,-1.35,5
Cboe,Stocks/US,0.03,2.3834999999999953,1.1340000000000001,0.4757709251101331,-8.65,-1.35,5
Celanese,Stocks/US,0.2,3.702857142857141,1.58,0.42669753086419776,-8.65,-1.35,5
Cemex,Stocks/US,0.8,2.114285714285714,1.6800000000000002,0.7945945945945947,-8.65,-1.35,5
CenovusEnergy,Stocks/US,0.3,2.8157142857142863,0.78,0.27701674277016736,-8.65,-1.35,5
Centene,Stocks/US,0.13,2.977000000000003,0.9100000000000001,0.3056768558951962,-8.65,-1.35,5
CenterPoint,Stocks/US,0.3,1.7721428571428532,0.9299999999999999,0.5247883917775102,-8.65,-1.35,5
CenturyAluminum,Stocks/US,0.2,3.8614285714285717,1.6400000000000003,0.4247132815390307,-8.65,-1.35,5
CharlesSchwab,Stocks/US,0.08,1.8485714285714299,0.32800000000000007,0.1774343122102008,-8.65,-1.35,5
Charter,Stocks/US,0.06,3.7281428571428568,1.8119999999999998,0.4860328773422233,-8.65,-1.35,5
CheckPoint,Stocks/US,0.06,3.034714285714291,1.272,0.4191498375935595,-8.65,-1.35,5
Cheniere,Stocks/US,0.03,2.2682142857142886,0.846,0.3729806329711851,-8.65,-1.35,5
Chesapeake,Stocks/US,0.09,2.2287857142857126,0.9540000000000001,0.4280357657917511,-8.65,-1.35,5
Chevron,Stocks/US,0.05,2.2857142857142847,0.37000000000000005,0.16187500000000007,-8.65,-1.35,5
Chewy,Stocks/US,0.4,4.180000000000001,1.44,0.3444976076555023,-8.65,-1.35,5
Chipotle,Stocks/US,0.3,2.9742857142857115,1.0799999999999998,0.36311239193083605,-8.65,-1.35,5
Chubb,Stocks/US,0.03,1.4082857142857137,0.47100000000000003,0.3344491783323191,-8.65,-1.35,5
Church&Dwight,Stocks/US,0.09,1.4914285714285707,0.9990000000000001,0.669827586206897,-8.65,-1.35,5
Cigna,Stocks/US,0.03,1.7954999999999968,0.7139999999999999,0.39766081871345094,-8.65,-1.35,5
CincinnatiFinancial,Stocks/US,0.05,1.509285714285714,1.03,0.6824420255560816,-8.65,-1.35,5
Cintas,Stocks/US,0.05,2.02214285714286,0.645,0.3189685623454606,-8.65,-1.35,5
Cisco,Stocks/US,0.08,2.205142857142855,0.472,0.21404508940139955,-8.65,-1.35,5
Citigroup,Stocks/US,0.07,2.3494999999999977,0.36400000000000005,0.15492658012343066,-8.65,-1.35,5
CitizensFinancial,Stocks/US,0.12,1.7185714285714282,0.624,0.36309226932668337,-8.65,-1.35,5
Clorox,Stocks/US,0.09,2.0635714285714304,1.377,0.6672897196261675,-8.65,-1.35,5
Cloudflare,Stocks/US,0.03,5.0249999999999995,1.152,0.22925373134328358,-8.65,-1.35,5
CoStar,Stocks/US,0.3,3.3578571428571418,1.32,0.3931078493937461,-8.65,-1.35,5
Coca-Cola,Stocks/US,0.1,1.1464285714285711,0.33000000000000007,0.2878504672897197,-8.65,-1.35,5
Cognex,Stocks/US,0.14,2.934000000000002,1.3020000000000003,0.4437627811860938,-8.65,-1.35,5
Cognizant,Stocks/US,0.13,2.8358571428571406,0.8320000000000001,0.29338572364112664,-8.65,-1.35,5
Coinbase,Stocks/US,0.05,5.667857142857144,1.0250000000000001,0.1808443604284814,-8.65,-1.35,5
Colgate-Palmolive,Stocks/US,0.1,1.4335714285714294,0.47000000000000003,0.32785251619332323,-8.65,-1.35,5
Comcast,Stocks/US,0.4,2.951428571428576,1.08,0.3659244917715387,-8.65,-1.35,5
Conagra,Stocks/US,0.6,2.121428571428573,1.32,0.6222222222222216,-8.65,-1.35,5
ConocoPhil,Stocks/US,0.07,2.559000000000001,0.336,0.13130128956623677,-8.65,-1.35,5
ConsolidatedEdison,Stocks/US,0.08,1.2085714285714273,0.728,0.6023640661938541,-8.65,-1.35,5
Constellation,Stocks/US,0.07,2.2504999999999993,0.9030000000000001,0.40124416796267515,-8.65,-1.35,5
Cooper,Stocks/US,0.12,3.1525714285714286,0.9239999999999999,0.2930940728656879,-8.65,-1.35,5
Copart,Stocks/US,0.3,2.9700000000000006,1.11,0.37373737373737365,-8.65,-1.35,5
Corning,Stocks/US,0.05,4.144285714285712,0.79,0.19062392278524656,-8.65,-1.35,5
Corteva,Stocks/US,0.1,2.312142857142859,0.63,0.2724745134383687,-8.65,-1.35,5
Costco,Stocks/US,0.02,2.164000000000002,0.5860000000000001,0.2707948243992604,-8.65,-1.35,5
Coty,Stocks/US,2.9,3.0035714285714334,3.19,1.0620689655172395,-8.65,-1.35,5
Credicorp,Stocks/US,0.03,2.9318571428571403,2.1180000000000003,0.7224090045315019,-8.65,-1.35,5
Crowdstrike,Stocks/US,0.04,4.36257142857143,0.504,0.11552819438077147,-8.65,-1.35,5
Crown,Stocks/US,0.07,1.5714999999999988,1.54,0.9799554565701567,-8.65,-1.35,5
CrownCastle,Stocks/US,0.11,2.214142857142857,0.7809999999999999,0.3527324343506033,-8.65,-1.35,5
Cummins,Stocks/US,0.02,2.7452857142857137,1.3800000000000001,0.5026799188218766,-8.65,-1.35,5
DTE,Stocks/US,0.07,1.5435000000000016,0.889,0.5759637188208611,-8.65,-1.35,5
DXC,Stocks/US,0.8,3.6342857142857152,2.08,0.5723270440251572,-8.65,-1.35,5
DaVita,Stocks/US,0.05,2.9657142857142866,1.6850000000000003,0.5681599229287089,-8.65,-1.35,5
Danaher,Stocks/US,0.05,2.6671428571428573,0.87,0.32619175147295126,-8.65,-1.35,5
DardenRestaurants,Stocks/US,0.04,2.0340000000000003,0.892,0.4385447394296952,-8.65,-1.35,5
Datadog,Stocks/US,0.04,3.699428571428571,1.716,0.46385542168674704,-8.65,-1.35,5
Deere,Stocks/US,0.02,2.9418571428571405,0.8380000000000001,0.2848540766279806,-8.65,-1.35,5
Dell,Stocks/US,0.02,5.918999999999998,0.6900000000000001,0.1165737455651293,-8.65,-1.35,5
Delta,Stocks/US,0.11,2.3343571428571437,1.034,0.44294850218781545,-8.65,-1.35,5
DentsplySirona,Stocks/US,0.8,3.1085714285714285,1.6,0.5147058823529412,-8.65,-1.35,5
Devon,Stocks/US,0.2,2.9214285714285704,1.1400000000000003,0.39022004889975576,-8.65,-1.35,5
DexCom,Stocks/US,0.1,2.427857142857142,1.11,0.45719329214474874,-8.65,-1.35,5
Diamondback,Stocks/US,0.05,3.2885714285714296,1.1,0.3344917463075586,-8.65,-1.35,5
DicksSporting,Stocks/US,0.07,3.4110000000000005,1.7500000000000002,0.513046027557901,-8.65,-1.35,5
Disney,Stocks/US,0.08,1.7028571428571428,0.376,0.2208053691275168,-8.65,-1.35,5
DollarGeneral,Stocks/US,0.07,2.516499999999999,1.2600000000000002,0.5006954102920727,-8.65,-1.35,5
DollarTree,Stocks/US,0.07,2.8285000000000005,1.078,0.3811207353721054,-8.65,-1.35,5
Dominion,Stocks/US,0.13,1.286071428571432,0.42900000000000005,0.33357400722021574,-8.65,-1.35,5
DoorDash,Stocks/US,0.04,2.779142857142858,0.8480000000000001,0.30513005037524416,-8.65,-1.35,5
Dover,Stocks/US,0.05,1.7507142857142872,1.0,0.5711954304365561,-8.65,-1.35,5
Dow,Stocks/US,0.3,2.710714285714285,1.1700000000000002,0.43162055335968397,-8.65,-1.35,5
DraftKings,Stocks/US,0.4,4.045714285714287,1.3600000000000003,0.3361581920903954,-8.65,-1.35,5
Dropbox,Stocks/US,0.3,4.120714285714281,1.3800000000000001,0.3348933957358299,-8.65,-1.35,5
DuPont,Stocks/US,0.07,1.9410000000000027,1.2530000000000001,0.6455435342606896,-8.65,-1.35,5
Duke,Stocks/US,0.07,1.0104999999999993,0.406,0.40178129638792714,-8.65,-1.35,5
EOGResources,Stocks/US,0.06,2.282999999999997,0.51,0.22339027595269412,-8.65,-1.35,5
EQT,Stocks/US,0.2,2.75142857142857,0.86,0.31256490134994824,-8.65,-1.35,5
ETSY,Stocks/US,0.1,3.1271428571428594,1.04,0.3325719506624027,-8.65,-1.35,5
EastmanChemical,Stocks/US,0.12,1.8428571428571439,1.0919999999999999,0.5925581395348833,-8.65,-1.35,5
Eaton,Stocks/US,0.03,4.4207142857142845,0.87,0.19680077556955894,-8.65,-1.35,5
Ebay,Stocks/US,0.08,2.893142857142857,0.784,0.2709855816709461,-8.65,-1.35,5
Ecolab,Stocks/US,0.03,1.3975714285714242,0.543,0.388531125421651,-8.65,-1.35,5
Edison,Stocks/US,0.12,1.8985714285714288,0.8639999999999999,0.4550790067720089,-8.65,-1.35,5
Edwards,Stocks/US,0.1,2.0521428571428544,0.7400000000000001,0.3605986773407593,-8.65,-1.35,5
EliLilly,Stocks/US,0.02,5.195571428571429,1.938,0.3730099810277983,-8.65,-1.35,5
Emerson,Stocks/US,0.06,2.0575714285714315,0.6900000000000001,0.33534680274942674,-8.65,-1.35,5
EnergyTransfer,Stocks/US,0.4,1.1485714285714284,0.6000000000000001,0.5223880597014926,-8.65,-1.35,5
Enphase,Stocks/US,0.3,5.316428571428573,2.3400000000000003,0.44014510278113644,-8.65,-1.35,5
Entergy,Stocks/US,0.08,1.3965714285714323,0.728,0.5212765957446794,-8.65,-1.35,5
EnterpriseProducts,Stocks/US,0.3,1.682142857142859,1.11,0.6598726114649675,-8.65,-1.35,5
Epam,Stocks/US,0.08,3.7794285714285714,2.216,0.5863320229815543,-8.65,-1.35,5
Equifax,Stocks/US,0.05,2.9728571428571477,1.425,0.4793368572801531,-8.65,-1.35,5
Equinix,Stocks/US,0.02,4.8091428571428585,2.7420000000000004,0.5701639733840302,-8.65,-1.35,5
EquityResidential,Stocks/US,0.13,1.6937142857142857,0.7150000000000001,0.42214912280701755,-8.65,-1.35,5
EssexProperty,Stocks/US,0.03,1.4472857142857145,1.056,0.7296416938110747,-8.65,-1.35,5
EsteeLauder,Stocks/US,0.08,2.383428571428571,1.048,0.43970270918245036,-8.65,-1.35,5
EverestRe,Stocks/US,0.03,2.250428571428573,1.461,0.6492096743477427,-8.65,-1.35,5
Evergy,Stocks/US,0.11,1.2178571428571416,0.935,0.7677419354838717,-8.65,-1.35,5
Eversource,Stocks/US,0.12,1.4665714285714273,0.6599999999999999,0.4500292226767976,-8.65,-1.35,5
Exelon,Stocks/US,0.2,1.3228571428571447,0.7000000000000002,0.5291576673866084,-8.65,-1.35,5
Expedia,Stocks/US,0.03,3.7825714285714302,1.539,0.4068660774983003,-8.65,-1.35,5
Expeditors,Stocks/US,0.05,2.1099999999999994,1.395,0.6611374407582941,-8.65,-1.35,5
ExtraSpace,Stocks/US,0.06,1.629428571428572,0.8639999999999999,0.5302472382956337,-8.65,-1.35,5
ExxonMobil,Stocks/US,0.06,2.340428571428571,0.39,0.16663614722578288,-8.65,-1.35,5
F5Networks,Stocks/US,0.03,4.2276428571428575,1.8779999999999997,0.444219169750114,-8.65,-1.35,5
FMC,Stocks/US,0.8,4.76571428571429,1.92,0.4028776978417263,-8.65,-1.35,5
Facebook,Stocks/US,0.02,6.0717142857142825,0.9359999999999999,0.15415745141405118,-8.65,-1.35,5
Fastenal,Stocks/US,0.2,1.855714285714285,0.54,0.2909930715935336,-8.65,-1.35,5
Fedex,Stocks/US,0.03,2.0207142857142846,0.666,0.3295864262990458,-8.65,-1.35,5
Fidelity,Stocks/US,0.2,2.355714285714285,1.0,0.424499696785931,-8.65,-1.35,5
FifthThird,Stocks/US,0.2,2.017142857142854,1.3200000000000003,0.6543909348441938,-8.65,-1.35,5
FirstEnergy,Stocks/US,0.2,1.3057142857142847,0.7400000000000001,0.5667396061269151,-8.65,-1.35,5
FirstHorizon,Stocks/US,0.4,1.6685714285714266,1.12,0.6712328767123297,-8.65,-1.35,5
FirstSolar,Stocks/US,0.05,4.960714285714288,1.345,0.2711303095752339,-8.65,-1.35,5
Fiserv,Stocks/US,0.2,3.504285714285712,1.2000000000000002,0.34243783122706917,-8.65,-1.35,5
FiveBelow,Stocks/US,0.04,4.177714285714284,1.96,0.4691560662016142,-8.65,-1.35,5
Fleetcor,Stocks/US,0.03,2.4621428571428576,2.352,0.9552654482158396,-8.65,-1.35,5
Flex,Stocks/US,0.08,4.104571428571427,1.4640000000000002,0.35667548378115005,-8.65,-1.35,5
Flowserve,Stocks/US,0.11,2.558285714285713,1.353,0.528869778869779,-8.65,-1.35,5
Ford,Stocks/US,0.6,2.3657142857142848,0.8400000000000001,0.35507246376811613,-8.65,-1.35,5
Fortinet,Stocks/US,0.06,3.5382857142857125,0.654,0.18483527131782954,-8.65,-1.35,5
Fortive,Stocks/US,0.14,1.5909999999999995,0.9100000000000001,0.5719673161533628,-8.65,-1.35,5
FortuneBrands,Stocks/US,0.2,2.6442857142857132,1.94,0.7336574824419236,-8.65,-1.35,5
Fossil,Stocks/US,1.6,5.9885714285714275,2.7200000000000006,0.45419847328244284,-8.65,-1.35,5
Fox,Stocks/US,0.13,2.269428571428568,0.8580000000000001,0.378068739770868,-8.65,-1.35,5
Franklin,Stocks/US,0.3,2.382857142857142,1.3800000000000001,0.5791366906474822,-8.65,-1.35,5
Freeport-McMoRan,Stocks/US,0.11,3.0014285714285682,0.462,0.1539267015706808,-8.65,-1.35,5
GameStop,Stocks/US,0.5,4.39642857142857,1.55,0.35255889520714884,-8.65,-1.35,5
Gap,Stocks/US,0.4,2.762857142857143,1.5600000000000003,0.564632885211996,-8.65,-1.35,5
Garmin,Stocks/US,0.03,2.064000000000001,1.0410000000000001,0.5043604651162789,-8.65,-1.35,5
Gartner,Stocks/US,0.05,4.146428571428572,2.5500000000000007,0.6149870801033591,-8.65,-1.35,5
Generac,Stocks/US,0.05,4.828214285714288,1.7550000000000001,0.36348842369997775,-8.65,-1.35,5
GeneralDynamics,Stocks/US,0.03,1.8471428571428579,0.8610000000000001,0.46612529002320163,-8.65,-1.35,5
GeneralElec,Stocks/US,0.03,2.4055714285714305,0.426,0.17708890076607858,-8.65,-1.35,5
GeneralMills,Stocks/US,0.2,1.9957142857142836,0.6800000000000002,0.34073013600572694,-8.65,-1.35,5
GeneralMot,Stocks/US,0.1,2.6614285714285724,0.59,0.2216854535695115,-8.65,-1.35,5
Gentex,Stocks/US,0.4,1.5685714285714294,1.2800000000000002,0.8160291438979961,-8.65,-1.35,5
GenuineParts,Stocks/US,0.07,2.245500000000003,1.54,0.685816076597639,-8.65,-1.35,5
Genworth,Stocks/US,0.9,2.417142857142856,1.4400000000000002,0.5957446808510642,-8.65,-1.35,5
Gilead,Stocks/US,0.06,1.998857142857142,0.468,0.2341337907375644,-8.65,-1.35,5
GlobalPayments,Stocks/US,0.09,2.2917857142857154,1.0979999999999999,0.4791023842917248,-8.65,-1.35,5
Globalfoundries,Stocks/US,0.2,3.827142857142856,1.8,0.4703247480403137,-8.65,-1.35,5
GlobeLife,Stocks/US,0.05,1.7024999999999986,1.195,0.701908957415566,-8.65,-1.35,5
GoDaddy,Stocks/US,0.09,5.094642857142857,1.593,0.3126813880126183,-8.65,-1.35,5
GoPro,Stocks/US,5.0,7.678571428571428,3.0,0.3906976744186047,-8.65,-1.35,5
Golar,Stocks/US,0.2,2.5685714285714294,1.8,0.7007786429365961,-8.65,-1.35,5
GoldmSachs,Stocks/US,0.02,5.112285714285718,0.986,0.19286871961102092,-8.65,-1.35,5
Goodyear,Stocks/US,1.3,3.0921428571428566,1.8200000000000003,0.5885885885885888,-8.65,-1.35,5
Google,Stocks/US,0.02,1.6958571428571423,0.524,0.30898829079268814,-8.65,-1.35,5
GraphicPackaging,Stocks/US,0.8,3.24,1.52,0.46913580246913583,-8.65,-1.35,5
Groupon,Stocks/US,0.5,5.596428571428573,2.45,0.4377791959157625,-8.65,-1.35,5
H&RBlock,Stocks/US,0.2,2.7799999999999994,1.54,0.5539568345323743,-8.65,-1.35,5
HCA,Stocks/US,0.02,2.7199999999999993,1.068,0.39264705882352946,-8.65,-1.35,5
HP,Stocks/US,0.3,4.956428571428573,0.96,0.19368785127539986,-8.65,-1.35,5
HPEnterprise,Stocks/US,0.2,7.301428571428575,0.9400000000000001,0.12874192917237326,-8.65,-1.35,5
Halliburton,Stocks/US,0.3,2.736428571428572,0.96,0.35082223962411896,-8.65,-1.35,5
HarleyDav,Stocks/US,0.4,3.8714285714285697,2.44,0.6302583025830261,-8.65,-1.35,5
HartfordFinancial,Stocks/US,0.06,1.3722857142857119,0.8639999999999999,0.6296064959400386,-8.65,-1.35,5
Hasbro,Stocks/US,0.09,1.9163571428571422,1.188,0.6199261992619929,-8.65,-1.35,5
HealthpeakProperties,Stocks/US,0.5,1.7785714285714298,1.6500000000000001,0.9277108433734933,-8.65,-1.35,5
HelmerichAndPayne,Stocks/US,0.2,2.6085714285714303,1.4000000000000004,0.5366922234392111,-8.65,-1.35,5
HenrySchein,Stocks/US,0.1,1.9192857142857136,1.4000000000000004,0.729438034983253,-8.65,-1.35,5
Hershey,Stocks/US,0.05,1.5828571428571447,1.0,0.6317689530685913,-8.65,-1.35,5
Hilton,Stocks/US,0.03,1.7760000000000025,0.5730000000000001,0.32263513513513475,-8.65,-1.35,5
Himax,Stocks/US,0.6,4.152857142857145,2.3400000000000003,0.5634674922600617,-8.65,-1.35,5
HollyFrontier,Stocks/US,0.08,3.833142857142858,1.672,0.43619558735837793,-8.65,-1.35,5
HomeDepot,Stocks/US,0.03,1.7211428571428569,0.444,0.25796812749003983,-8.65,-1.35,5
Honeywell,Stocks/US,0.04,1.5640000000000012,0.49600000000000005,0.31713554987212256,-8.65,-1.35,5
Hormel,Stocks/US,0.4,1.4828571428571422,1.6400000000000003,1.10597302504817,-8.65,-1.35,5
Horton,Stocks/US,0.06,2.172428571428575,1.1460000000000001,0.527520220950877,-8.65,-1.35,5
HostHotels,Stocks/US,0.4,1.5342857142857125,1.04,0.6778398510242094,-8.65,-1.35,5
HowmetAerospace,Stocks/US,0.04,2.9259999999999975,0.6560000000000001,0.22419685577580337,-8.65,-1.35,5
HubSpot,Stocks/US,0.04,4.8662857142857145,2.628,0.5400422733677783,-8.65,-1.35,5
Humana,Stocks/US,0.03,3.521142857142853,1.698,0.4822297955209353,-8.65,-1.35,5
Huntington,Stocks/US,0.5,1.7571428571428576,0.8999999999999999,0.5121951219512193,-8.65,-1.35,5
HuntingtonIngalls,Stocks/US,0.03,1.9131428571428626,1.545,0.8075716845878113,-8.65,-1.35,5
Huntsman,Stocks/US,0.9,2.449285714285711,1.5300000000000002,0.6246719160104995,-8.65,-1.35,5
IAC,Stocks/US,0.3,3.4842857142857127,2.28,0.654366543665437,-8.65,-1.35,5
IBM,Stocks/US,0.04,2.9797142857142846,0.572,0.19196471377888585,-8.65,-1.35,5
ICE,Stocks/US,0.06,1.8274285714285707,0.8039999999999999,0.43996247654784254,-8.65,-1.35,5
ICICI,Stocks/US,0.3,1.279285714285712,0.42000000000000004,0.3283082077051933,-8.65,-1.35,5
IDEX,Stocks/US,0.04,1.7739999999999985,1.2200000000000002,0.6877113866967313,-8.65,-1.35,5
IDEXX,Stocks/US,0.02,2.421000000000001,1.306,0.5394465097067325,-8.65,-1.35,5
IPGPhotonics,Stocks/US,0.11,3.3094285714285725,2.3760000000000003,0.7179487179487177,-8.65,-1.35,5
IQVIA,Stocks/US,0.04,2.960857142857142,1.316,0.44446588825629657,-8.65,-1.35,5
IllinoisToolWorks,Stocks/US,0.03,1.2216428571428581,0.5670000000000001,0.46412910015786674,-8.65,-1.35,5
Illumina,Stocks/US,0.04,4.586285714285714,1.3800000000000001,0.30089708447545477,-8.65,-1.35,5
Incyte,Stocks/US,0.07,2.3449999999999998,1.064,0.4537313432835822,-8.65,-1.35,5
Infosys,Stocks/US,0.7,2.2450000000000006,1.19,0.530066815144766,-8.65,-1.35,5
IngersollRand,Stocks/US,0.11,2.0350000000000015,0.8140000000000001,0.3999999999999997,-8.65,-1.35,5
Intel,Stocks/US,0.06,3.9659999999999993,0.378,0.09531013615733738,-8.65,-1.35,5
International,Stocks/US,0.3,3.589285714285719,1.5299999999999998,0.4262686567164174,-8.65,-1.35,5
InternationalFlavors,Stocks/US,0.1,1.633571428571428,1.25,0.7651945780498474,-8.65,-1.35,5
Intuit,Stocks/US,0.03,3.6100714285714326,0.885,0.24514750400664778,-8.65,-1.35,5
IntuitiveSurgical,Stocks/US,0.03,3.1562142857142863,0.7110000000000001,0.22526987575531263,-8.65,-1.35,5
Invesco,Stocks/US,0.3,2.64,1.1700000000000002,0.4431818181818182,-8.65,-1.35,5
Invitation,Stocks/US,0.3,1.279285714285714,0.96,0.7504187604690119,-8.65,-1.35,5
IronMountain,Stocks/US,0.08,2.3959999999999986,1.224,0.5108514190317198,-8.65,-1.35,5
J&J,Stocks/US,0.04,1.97285714285714,0.396,0.20072411296162232,-8.65,-1.35,5
JBHunt,Stocks/US,0.04,3.49142857142857,1.3960000000000004,0.3998363338788873,-8.65,-1.35,5
JD,Stocks/US,0.3,1.4335714285714296,0.75,0.5231689088191327,-8.65,-1.35,5
JMSmucker,Stocks/US,0.07,1.719499999999999,1.3160000000000003,0.765338761267811,-8.65,-1.35,5
JPMorgan,Stocks/US,0.03,2.0612142857142843,0.366,0.17756523547146286,-8.65,-1.35,5
JabilCircuit,Stocks/US,0.03,3.0872142857142904,1.6019999999999999,0.5189144166030394,-8.65,-1.35,5
JackHenry,Stocks/US,0.05,2.5264285714285712,1.43,0.5660163980774668,-8.65,-1.35,5
JacobsEngineering,Stocks/US,0.06,1.9628571428571446,1.476,0.7519650655021827,-8.65,-1.35,5
Jefferies,Stocks/US,0.2,3.6985714285714266,2.18,0.5894167632290463,-8.65,-1.35,5
JetBlueAirways,Stocks/US,1.8,2.9442857142857157,2.16,0.7336244541484712,-8.65,-1.35,5
JohnsonControls,Stocks/US,0.06,2.0747142857142817,0.732,0.35281966535839765,-8.65,-1.35,5
KBR,Stocks/US,0.3,3.0814285714285723,1.8599999999999999,0.603616133518776,-8.65,-1.35,5
KKR&Co,Stocks/US,0.08,2.3868571428571426,0.9279999999999999,0.388795786449605,-8.65,-1.35,5
KLA,Stocks/US,0.05,3.782142857142858,0.9300000000000002,0.24589235127478754,-8.65,-1.35,5
KeurigDrPepper,Stocks/US,0.3,1.913571428571427,0.87,0.4546472564389701,-8.65,-1.35,5
KeyCorp,Stocks/US,0.4,1.6371428571428575,0.8400000000000001,0.5130890052356021,-8.65,-1.35,5
KeysightTechnologies,Stocks/US,0.03,3.415285714285712,1.317,0.38561927468942175,-8.65,-1.35,5
Kimberly-Clark,Stocks/US,0.08,1.6291428571428577,0.696,0.4272185198176078,-8.65,-1.35,5
Kimco,Stocks/US,0.4,1.3199999999999994,1.12,0.8484848484848491,-8.65,-1.35,5
KinderMorgan,Stocks/US,0.3,1.9242857142857144,0.57,0.2962138084632517,-8.65,-1.35,5
Kirby,Stocks/US,0.06,2.0952857142857093,1.2539999999999998,0.5984863980364096,-8.65,-1.35,5
Knight-Swift,Stocks/US,0.13,3.1459999999999995,1.638,0.5206611570247935,-8.65,-1.35,5
Kohls,Stocks/US,0.5,4.33928571428571,1.4000000000000001,0.3226337448559674,-8.65,-1.35,5
KraftHeinz,Stocks/US,0.4,2.3428571428571456,1.0,0.4268292682926824,-8.65,-1.35,5
Kroger,Stocks/US,0.15,2.3335714285714286,0.75,0.3213957759412305,-8.65,-1.35,5
L.V.Sands,Stocks/US,0.2,1.8328571428571416,1.18,0.6438035853468438,-8.65,-1.35,5
L3Harris,Stocks/US,0.04,1.9039999999999995,1.1,0.577731092436975,-8.65,-1.35,5
LBrands,Stocks/US,0.5,4.15,1.4000000000000001,0.3373493975903614,-8.65,-1.35,5
LKQ,Stocks/US,0.4,2.8314285714285714,1.44,0.508577194752775,-8.65,-1.35,5
LaboratoryCorporation,Stocks/US,0.03,2.5339285714285724,0.96,0.3788583509513741,-8.65,-1.35,5
LamResearch,Stocks/US,0.03,4.0292142857142865,0.7769999999999999,0.19284156783491993,-8.65,-1.35,5
LambWeston,Stocks/US,0.15,2.046428571428573,1.05,0.5130890052356017,-8.65,-1.35,5
Leidos,Stocks/US,0.06,2.1351428571428572,1.83,0.8570855078281814,-8.65,-1.35,5
LendingClub,Stocks/US,0.5,2.4857142857142827,1.7000000000000002,0.6839080459770124,-8.65,-1.35,5
Lennar,Stocks/US,0.1,2.7092857142857163,1.22,0.4503031900870021,-8.65,-1.35,5
LiAuto,Stocks/US,0.7,2.8050000000000006,1.61,0.5739750445632797,-8.65,-1.35,5
Liberty,Stocks/US,0.8,2.4742857142857098,1.44,0.5819861431870681,-8.65,-1.35,5
LincolnNational,Stocks/US,0.2,2.279999999999999,1.04,0.45614035087719323,-8.65,-1.35,5
LithiaMotors,Stocks/US,0.03,3.7403571428571465,2.466,0.6592953308507584,-8.65,-1.35,5
LiveNation,Stocks/US,0.05,1.9592857142857178,1.045,0.5333576376230394,-8.65,-1.35,5
LockheedMartin,Stocks/US,0.02,2.297285714285715,0.534,0.23244823083141586,-8.65,-1.35,5
Loews,Stocks/US,0.08,1.1554285714285712,1.056,0.9139465875370921,-8.65,-1.35,5
Lowes,Stocks/US,0.04,1.5522857142857163,0.38,0.2448002944965946,-8.65,-1.35,5
LucidGroup,Stocks/US,0.9,2.1278571428571436,1.35,0.6344410876132928,-8.65,-1.35,5
Lululemon,Stocks/US,0.07,3.4000000000000004,1.064,0.3129411764705883,-8.65,-1.35,5
LumenTech,Stocks/US,1.4,4.500000000000001,1.96,0.4355555555555555,-8.65,-1.35,5
Lyft,Stocks/US,0.5,2.932142857142857,1.4000000000000001,0.47746650426309384,-8.65,-1.35,5
LyondellBasell,Stocks/US,0.13,2.5192142857142854,0.845,0.3354220420199042,-8.65,-1.35,5
M&T,Stocks/US,0.04,1.8645714285714285,1.104,0.5920931657983451,-8.65,-1.35,5
MFA,Stocks/US,1.0,1.5714285714285734,1.5,0.9545454545454534,-8.65,-1.35,5
MGICInvestment,Stocks/US,0.3,2.2049999999999996,1.2,0.54421768707483,-8.65,-1.35,5
MGMResorts,Stocks/US,0.2,2.309999999999999,1.26,0.5454545454545456,-8.65,-1.35,5
MPLX,Stocks/US,0.14,1.4620000000000006,0.812,0.5554035567715455,-8.65,-1.35,5
Macys,Stocks/US,0.4,3.585714285714285,1.44,0.40159362549800803,-8.65,-1.35,5
MarathonPetroleum,Stocks/US,0.03,4.5351428571428585,1.071,0.23615573615573607,-8.65,-1.35,5
Markel,Stocks/US,0.02,4.934428571428563,5.23,1.0598998291885027,-8.65,-1.35,5
Marketaxess,Stocks/US,0.06,0.29571428571428593,1.0739999999999998,3.6318840579710114,-8.65,-1.35,5
Marriott,Stocks/US,0.03,2.1231428571428568,0.699,0.32922890593459836,-8.65,-1.35,5
Marsh&McLennan,Stocks/US,0.05,1.7610714285714277,1.1300000000000001,0.6416548367471105,-8.65,-1.35,5
MartinMarietta,Stocks/US,0.02,2.387571428571426,1.3519999999999999,0.5662657811284635,-8.65,-1.35,5
Marvell,Stocks/US,0.04,5.00942857142857,0.6240000000000001,0.12456510580049056,-8.65,-1.35,5
Masco,Stocks/US,0.12,2.0742857142857156,1.368,0.6595041322314046,-8.65,-1.35,5
Mastercard,Stocks/US,0.02,1.670285714285714,0.41000000000000003,0.24546698597331515,-8.65,-1.35,5
MatchGroup,Stocks/US,0.2,2.687142857142856,1.0,0.37214247740563555,-8.65,-1.35,5
Mattel,Stocks/US,0.6,2.1471428571428555,1.26,0.5868263473053896,-8.65,-1.35,5
McCormick,Stocks/US,0.15,1.5953571428571445,1.035,0.6487575554063123,-8.65,-1.35,5
McDonalds,Stocks/US,0.04,1.811714285714284,0.41200000000000003,0.2274089260369029,-8.65,-1.35,5
McKesson,Stocks/US,0.02,4.235142857142852,1.028,0.24273089118262184,-8.65,-1.35,5
Medtronic,Stocks/US,0.1,1.8214285714285716,0.3400000000000001,0.18666666666666668,-8.65,-1.35,5
MelcoResorts,Stocks/US,1.6,2.411428571428573,2.24,0.9289099526066347,-8.65,-1.35,5
Mercadolibre,Stocks/US,0.02,10.665142857142857,4.6160000000000005,0.43281183026146597,-8.65,-1.35,5
Merck&Co,Stocks/US,0.06,1.809428571428569,0.354,0.1956418758882049,-8.65,-1.35,5
Metlife,Stocks/US,0.09,1.5480000000000025,0.54,0.348837209302325,-8.65,-1.35,5
Mettler-Toledo,Stocks/US,0.02,8.228285714285711,6.044,0.7345393937289492,-8.65,-1.35,5
MicrochipTechnology,Stocks/US,0.12,2.891142857142854,0.852,0.29469315149718384,-8.65,-1.35,5
Micron,Stocks/US,0.02,8.75971428571428,1.868,0.21324896441501692,-8.65,-1.35,5
Microsoft,Stocks/US,0.02,2.075571428571428,0.6980000000000002,0.3362929313786222,-8.65,-1.35,5
Moderna,Stocks/US,0.06,6.414857142857143,1.104,0.17210048102618922,-8.65,-1.35,5
Mohawk,Stocks/US,0.07,3.0210000000000004,1.4840000000000004,0.4912280701754386,-8.65,-1.35,5
Molina,Stocks/US,0.05,3.336428571428571,1.5250000000000004,0.4570755726825092,-8.65,-1.35,5
MolsonCoors,Stocks/US,0.2,2.102857142857142,0.96,0.456521739130435,-8.65,-1.35,5
Mondelez,Stocks/US,0.14,1.4990000000000003,0.44800000000000006,0.2988659106070713,-8.65,-1.35,5
Monster,Stocks/US,0.2,1.6385714285714306,0.54,0.329555361813426,-8.65,-1.35,5
Moodys,Stocks/US,0.02,2.0892857142857135,0.778,0.3723760683760685,-8.65,-1.35,5
MorganStanl,Stocks/US,0.04,2.021714285714283,0.36,0.1780667043527419,-8.65,-1.35,5
Mosaic,Stocks/US,0.4,4.137142857142855,1.52,0.36740331491712724,-8.65,-1.35,5
Motorola,Stocks/US,0.02,1.8397142857142854,0.99,0.5381270383599939,-8.65,-1.35,5
Msci,Stocks/US,0.02,2.4568571428571433,1.166,0.4745900686126293,-8.65,-1.35,5
MurphyOil,Stocks/US,0.3,4.251428571428572,2.22,0.5221774193548385,-8.65,-1.35,5
NIO,Stocks/US,1.9,1.872857142857142,2.28,1.2173913043478266,-8.65,-1.35,5
NRG,Stocks/US,0.08,3.010285714285713,1.144,0.38003037205770707,-8.65,-1.35,5
NVR,Stocks/US,0.01,13.559499999999975,9.697000000000001,0.7151443637302274,-8.65,-1.35,5
NXP,Stocks/US,0.04,3.023428571428572,0.872,0.28841428841428834,-8.65,-1.35,5
NYBancorp,Stocks/US,0.7,1.755,0.7,0.39886039886039887,-8.65,-1.35,5
Nabors,Stocks/US,0.09,2.945571428571428,1.8270000000000004,0.6202531645569622,-8.65,-1.35,5
Nasdaq,Stocks/US,0.09,1.7935714285714297,0.522,0.2910394265232973,-8.65,-1.35,5
NetApp,Stocks/US,0.05,3.6482142857142863,1.42,0.3892315222711698,-8.65,-1.35,5
NetEase,Stocks/US,0.07,1.4784999999999997,1.3720000000000003,0.9279675346635106,-8.65,-1.35,5
Netflix,Stocks/US,0.11,2.397999999999999,0.35200000000000004,0.14678899082568816,-8.65,-1.35,5
Newell,Stocks/US,1.4,3.2999999999999985,1.96,0.5939393939393942,-8.65,-1.35,5
Newmont,Stocks/US,0.07,2.7784999999999997,0.5950000000000001,0.21414432247615622,-8.65,-1.35,5
NewsCorp,Stocks/US,0.3,2.1514285714285712,1.02,0.4741035856573706,-8.65,-1.35,5
NextEra,Stocks/US,0.11,1.2760000000000005,0.341,0.2672413793103447,-8.65,-1.35,5
NiSource,Stocks/US,0.3,1.75928571428571,1.2899999999999998,0.7332521315468958,-8.65,-1.35,5
Nike,Stocks/US,0.3,2.4364285714285727,0.66,0.27088830255057156,-8.65,-1.35,5
NorfolkSouthern,Stocks/US,0.03,1.3701428571428593,1.122,0.8188927119174213,-8.65,-1.35,5
Northern,Stocks/US,0.05,2.0742857142857147,1.145,0.5519972451790632,-8.65,-1.35,5
Northrop,Stocks/US,0.02,2.2754285714285767,0.8480000000000001,0.372677046710195,-8.65,-1.35,5
NortonLifeLock,Stocks/US,0.3,3.5335714285714284,1.2899999999999998,0.3650697392359005,-8.65,-1.35,5
NorwegianCruiseLine,Stocks/US,0.5,2.4928571428571438,1.25,0.5014326647564469,-8.65,-1.35,5
Novavax,Stocks/US,0.9,5.059285714285711,1.71,0.33799237611181726,-8.65,-1.35,5
NovoNordisk,Stocks/US,0.2,2.49,0.76,0.30522088353413657,-8.65,-1.35,5
Nucor,Stocks/US,0.04,2.9274285714285706,0.944,0.32246730431387866,-8.65,-1.35,5
Nvidia,Stocks/US,0.03,1.6167857142857145,0.48300000000000004,0.2987408880053015,-8.65,-1.35,5
ON-Semiconductor,Stocks/US,0.12,4.128857142857142,1.272,0.3080755657047956,-8.65,-1.35,5
ONEOK,Stocks/US,0.09,2.105999999999997,0.7290000000000001,0.3461538461538466,-8.65,-1.35,5
OReilly,Stocks/US,0.1,1.8928571428571428,0.56,0.29584905660377364,-8.65,-1.35,5
Occidental,Stocks/US,0.14,2.260000000000001,0.7840000000000001,0.3469026548672565,-8.65,-1.35,5
OgeEnergy,Stocks/US,0.2,1.4814285714285693,0.9400000000000001,0.6345226615236269,-8.65,-1.35,5
OilwellVarco,Stocks/US,0.4,2.55142857142857,1.16,0.4546472564389701,-8.65,-1.35,5
Okta,Stocks/US,0.05,4.4964285714285674,1.4800000000000002,0.3291501191421766,-8.65,-1.35,5
OldDominion,Stocks/US,0.05,2.3425000000000007,1.4100000000000001,0.6019210245464247,-8.65,-1.35,5
OldRepublic,Stocks/US,0.2,1.5714285714285705,1.1400000000000003,0.7254545454545459,-8.65,-1.35,5
Omnicom,Stocks/US,0.1,2.045714285714286,0.8200000000000002,0.40083798882681565,-8.65,-1.35,5
OpkoHealth,Stocks/US,5.0,3.035714285714286,4.0,1.3176470588235294,-8.65,-1.35,5
Oracle,Stocks/US,0.04,2.7668571428571433,0.556,0.2009500206526229,-8.65,-1.35,5
Otis,Stocks/US,0.12,1.8179999999999967,0.96,0.528052805280529,-8.65,-1.35,5
Ovintiv,Stocks/US,0.13,2.5090000000000003,1.1440000000000001,0.4559585492227979,-8.65,-1.35,5
PACCAR,Stocks/US,0.07,1.7979999999999998,0.4690000000000001,0.2608453837597331,-8.65,-1.35,5
PG&E,Stocks/US,0.5,2.207142857142857,0.8999999999999999,0.4077669902912622,-8.65,-1.35,5
PNCFinancial,Stocks/US,0.04,1.8479999999999992,0.64,0.3463203463203465,-8.65,-1.35,5
PPG,Stocks/US,0.08,1.8142857142857143,1.032,0.5688188976377954,-8.65,-1.35,5
PPL,Stocks/US,0.3,1.414285714285713,0.87,0.6151515151515157,-8.65,-1.35,5
PVH,Stocks/US,0.11,2.962928571428572,1.474,0.4974807743304163,-8.65,-1.35,5
PackagingCorpofAmerica,Stocks/US,0.04,2.1488571428571417,1.476,0.6868767451136821,-8.65,-1.35,5
Palantir,Stocks/US,0.04,2.320000000000002,0.572,0.2465517241379308,-8.65,-1.35,5
PaloAltoNetworks,Stocks/US,0.03,4.681071428571428,0.6389999999999999,0.13650720988784618,-8.65,-1.35,5
Parker-Hannifin,Stocks/US,0.02,4.134714285714284,1.808,0.43727326123760524,-8.65,-1.35,5
Patterson-UTI,Stocks/US,0.7,3.1499999999999986,1.4,0.4444444444444447,-8.65,-1.35,5
Paychex,Stocks/US,0.07,2.325500000000001,0.7280000000000001,0.3130509567834873,-8.65,-1.35,5
Paycom,Stocks/US,0.04,2.9168571428571415,1.368,0.46899794299147834,-8.65,-1.35,5
Paypal,Stocks/US,0.2,2.638571428571428,1.02,0.3865728207904712,-8.65,-1.35,5
Peloton,Stocks/US,1.6,2.6971428571428597,2.08,0.7711864406779654,-8.65,-1.35,5
Pentair,Stocks/US,0.14,1.7699999999999998,1.4000000000000001,0.7909604519774013,-8.65,-1.35,5
Pepsico,Stocks/US,0.06,1.2510000000000017,0.318,0.25419664268585096,-8.65,-1.35,5
PerkinElmer,Stocks/US,0.07,3.816999999999998,1.5330000000000001,0.40162431228713674,-8.65,-1.35,5
Perrigo,Stocks/US,0.6,3.7157142857142857,1.32,0.35524798154555937,-8.65,-1.35,5
Pfizer,Stocks/US,0.3,1.2578571428571432,0.42000000000000004,0.3339011925042589,-8.65,-1.35,5
PhilipMorri,Stocks/US,0.05,2.2224999999999975,0.435,0.19572553430821168,-8.65,-1.35,5
Phillips66,Stocks/US,0.04,3.4314285714285693,0.716,0.20865945045795184,-8.65,-1.35,5
Pinduoduo,Stocks/US,0.1,1.5978571428571442,0.56,0.3504693786320963,-8.65,-1.35,5
Pinnacle,Stocks/US,0.09,1.2599999999999987,0.9990000000000001,0.7928571428571437,-8.65,-1.35,5
Pinterest,Stocks/US,0.4,3.165714285714284,1.2400000000000002,0.39169675090252726,-8.65,-1.35,5
PitneyBowes,Stocks/US,0.5,2.342857142857141,1.7000000000000002,0.7256097560975615,-8.65,-1.35,5
PlugPower,Stocks/US,3.8,3.3928571428571423,4.18,1.2320000000000002,-8.65,-1.35,5
PrincipalFinancial,Stocks/US,0.08,2.0348571428571423,0.8320000000000001,0.4088739118225219,-8.65,-1.35,5
Procter&Gam,Stocks/US,0.06,1.268571428571427,0.32999999999999996,0.2601351351351355,-8.65,-1.35,5
Progressive,Stocks/US,0.04,1.75685714285714,0.476,0.27093836396162024,-8.65,-1.35,5
Prologis,Stocks/US,0.06,1.2857142857142845,0.444,0.3453333333333336,-8.65,-1.35,5
PrudentialFinancial,Stocks/US,0.07,1.5480000000000007,0.7560000000000001,0.4883720930232557,-8.65,-1.35,5
PublicService,Stocks/US,0.12,1.3500000000000023,0.672,0.49777777777777693,-8.65,-1.35,5
PublicStorage,Stocks/US,0.03,1.7249999999999988,0.819,0.47478260869565253,-8.65,-1.35,5
PulteGroup,Stocks/US,0.07,2.240500000000001,0.9520000000000002,0.42490515509930804,-8.65,-1.35,5
PureStorage,Stocks/US,0.09,5.884071428571429,1.521,0.25849448268327324,-8.65,-1.35,5
Qorvo,Stocks/US,0.08,4.310857142857144,1.5919999999999999,0.36930010604453856,-8.65,-1.35,5
Qualcomm,Stocks/US,0.05,4.548928571428575,0.515,0.11321347256025746,-8.65,-1.35,5
Quanta,Stocks/US,0.02,4.122571428571428,1.128,0.27361563517915316,-8.65,-1.35,5
Quest,Stocks/US,0.04,2.421142857142856,1.236,0.5105027141845648,-8.65,-1.35,5
Radian,Stocks/US,0.3,2.558571428571431,1.95,0.7621440536013393,-8.65,-1.35,5
RalphLauren,Stocks/US,0.03,2.851500000000001,1.8180000000000003,0.6375591793792739,-8.65,-1.35,5
Range,Stocks/US,0.2,2.5557142857142874,0.9400000000000001,0.3678032420346561,-8.65,-1.35,5
RaymondJames,Stocks/US,0.05,2.009285714285711,1.11,0.5524351226448642,-8.65,-1.35,5
RaytheonTech,Stocks/US,0.04,1.381714285714288,0.364,0.26344086021505336,-8.65,-1.35,5
RealtyIncome,Stocks/US,0.14,1.2030000000000003,0.43400000000000005,0.36076475477971737,-8.65,-1.35,5
Regeneron,Stocks/US,0.02,3.681000000000001,1.482,0.4026079869600651,-8.65,-1.35,5
RegionsFinancial,Stocks/US,0.3,1.6007142857142862,0.81,0.5060240963855421,-8.65,-1.35,5
RepublicServices,Stocks/US,0.04,1.3574285714285719,0.584,0.4302252157440537,-8.65,-1.35,5
Resmed,Stocks/US,0.04,2.048285714285714,1.336,0.6522527549170037,-8.65,-1.35,5
Rivian,Stocks/US,0.6,3.591428571428571,1.6800000000000002,0.46778042959427213,-8.65,-1.35,5
RobertHalf,Stocks/US,0.3,4.530000000000004,2.13,0.47019867549668837,-8.65,-1.35,5
Robinhood,Stocks/US,0.07,4.0249999999999995,0.553,0.13739130434782612,-8.65,-1.35,5
Roblox,Stocks/US,0.2,4.724285714285715,1.46,0.3090414272754762,-8.65,-1.35,5
Rockwell,Stocks/US,0.02,2.029571428571427,1.268,0.6247624410501871,-8.65,-1.35,5
Roku,Stocks/US,0.06,1.1614285714285713,1.1340000000000001,0.9763837638376387,-8.65,-1.35,5
Rollins,Stocks/US,0.3,2.7449999999999974,1.44,0.5245901639344267,-8.65,-1.35,5
Roper,Stocks/US,0.02,1.9482857142857142,0.8640000000000001,0.4434667839859217,-8.65,-1.35,5
RossStores,Stocks/US,0.04,1.8714285714285717,0.628,0.33557251908396946,-8.65,-1.35,5
RoyalCaribbeanCruises,Stocks/US,0.03,2.5960714285714284,0.921,0.35476681799422205,-8.65,-1.35,5
RoyaltyPharma,Stocks/US,0.14,2.1820000000000004,0.7280000000000001,0.3336388634280477,-8.65,-1.35,5
Ryanair,Stocks/US,0.15,1.8878571428571438,1.1700000000000002,0.6197502837684445,-8.65,-1.35,5
S&P,Stocks/US,0.02,1.6817142857142864,0.5259999999999999,0.31277607883112457,-8.65,-1.35,5
SBA,Stocks/US,0.05,2.6221428571428547,1.46,0.5567965132116595,-8.65,-1.35,5
SLM,Stocks/US,0.4,3.0142857142857165,1.44,0.477725118483412,-8.65,-1.35,5
SMEnergy,Stocks/US,0.3,5.014285714285717,1.8599999999999999,0.37094017094017073,-8.65,-1.35,5
Salesforce,Stocks/US,0.04,3.2480000000000007,0.54,0.16625615763546797,-8.65,-1.35,5
Schlumberger,Stocks/US,0.15,2.4610714285714277,0.75,0.3047453199825861,-8.65,-1.35,5
Seagate,Stocks/US,0.02,9.274,2.108,0.22730213500107832,-8.65,-1.35,5
Sempra,Stocks/US,0.1,1.452857142857145,0.47000000000000003,0.3235004916420841,-8.65,-1.35,5
ServiceNow,Stocks/US,0.07,3.5964999999999963,0.6930000000000001,0.19268733490893947,-8.65,-1.35,5
SherwinWilliams,Stocks/US,0.03,1.9986428571428616,0.696,0.34823630320574595,-8.65,-1.35,5
Signet,Stocks/US,0.11,5.95257142857143,2.827,0.47492080253431884,-8.65,-1.35,5
SimonProperty,Stocks/US,0.04,1.315428571428573,0.62,0.47132927888792303,-8.65,-1.35,5
SiriusXM,Stocks/US,0.3,2.3207142857142857,1.2300000000000002,0.5300092336103416,-8.65,-1.35,5
SiteCenters,Stocks/US,2.8,1.9799999999999998,3.08,1.5555555555555558,-8.65,-1.35,5
Skyworks,Stocks/US,0.11,6.064142857142857,1.221,0.2013474993521638,-8.65,-1.35,5
Snap,Stocks/US,1.6,4.057142857142857,2.08,0.5126760563380283,-8.65,-1.35,5
Snap-On,Stocks/US,0.03,1.5141428571428552,1.6019999999999999,1.0580243419190503,-8.65,-1.35,5
Snowflake,Stocks/US,0.03,3.615642857142861,0.9059999999999999,0.2505778462632606,-8.65,-1.35,5
SoFiTechnologies,Stocks/US,0.5,2.721428571428573,1.05,0.38582677165354307,-8.65,-1.35,5
Sony,Stocks/US,0.4,1.7999999999999994,0.56,0.3111111111111113,-8.65,-1.35,5
Southern,Stocks/US,0.1,1.1664285714285716,0.45,0.385793018983466,-8.65,-1.35,5
SouthernCopper,Stocks/US,0.04,3.1222857142857157,1.68,0.5380673499267933,-8.65,-1.35,5
SouthwestAirlines,Stocks/US,0.3,3.589285714285714,2.01,0.56,-8.65,-1.35,5
Spotify,Stocks/US,0.02,3.592857142857141,0.768,0.21375745526838977,-8.65,-1.35,5
Sprouts,Stocks/US,0.11,3.2402857142857138,1.672,0.5160038797284191,-8.65,-1.35,5
Square,Stocks/US,0.11,2.3477142857142845,1.056,0.44979919678714886,-8.65,-1.35,5
Starbucks,Stocks/US,0.08,1.6137142857142868,0.32,0.19830028328611884,-8.65,-1.35,5
StateStreet,Stocks/US,0.05,2.256071428571429,0.79,0.3501662181415228,-8.65,-1.35,5
SteelDynamics,Stocks/US,0.04,2.9411428571428555,1.6440000000000001,0.5589663881872939,-8.65,-1.35,5
Steris,Stocks/US,0.04,1.6548571428571432,1.4440000000000002,0.8725828729281766,-8.65,-1.35,5
StoneCo,Stocks/US,0.9,3.3621428571428567,1.8900000000000001,0.5621414913957936,-8.65,-1.35,5
Stryker,Stocks/US,0.03,2.4454285714285704,0.828,0.338590956887487,-8.65,-1.35,5
SunstoneHotel,Stocks/US,0.8,1.7314285714285682,1.3600000000000003,0.7854785478547871,-8.65,-1.35,5
SynchronyFinancial,Stocks/US,0.11,2.120642857142857,0.8140000000000001,0.3838458688403113,-8.65,-1.35,5
Synopsys,Stocks/US,0.02,2.8300000000000005,0.904,0.319434628975265,-8.65,-1.35,5
Sysco,Stocks/US,0.11,1.956428571428571,0.7700000000000001,0.3935742971887552,-8.65,-1.35,5
T-Mobile,Stocks/US,0.05,2.655000000000002,1.12,0.421845574387947,-8.65,-1.35,5
T-Rowe,Stocks/US,0.08,1.5634285714285714,0.768,0.4912280701754386,-8.65,-1.35,5
TALEducation,Stocks/US,0.7,2.4500000000000006,1.54,0.6285714285714283,-8.65,-1.35,5
TEConnectivity,Stocks/US,0.05,2.9167857142857154,1.17,0.40112648463328016,-8.65,-1.35,5
TJX,Stocks/US,0.07,1.7910000000000006,0.385,0.21496370742601895,-8.65,-1.35,5
Taiwan-Semiconductor,Stocks/US,0.02,1.9724285714285739,0.438,0.22206127326718303,-8.65,-1.35,5
Take-Two,Stocks/US,0.04,2.538857142857144,1.0519999999999998,0.4143596668917396,-8.65,-1.35,5
Tapestry,Stocks/US,0.07,2.214500000000002,0.9380000000000002,0.42357191239557435,-8.65,-1.35,5
Target,Stocks/US,0.06,2.083714285714287,0.75,0.359934183463595,-8.65,-1.35,5
Teekay,Stocks/US,0.7,3.7750000000000017,2.17,0.5748344370860924,-8.65,-1.35,5
Teledyne,Stocks/US,0.02,2.156428571428572,1.62,0.7512421331566742,-8.65,-1.35,5
Teleflex,Stocks/US,0.06,2.236285714285711,2.142,0.9578382522039108,-8.65,-1.35,5
Tenet,Stocks/US,0.04,3.0405714285714307,2.048,0.6735576019545194,-8.65,-1.35,5
Teradyne,Stocks/US,0.03,5.813571428571429,1.395,0.23995576852193146,-8.65,-1.35,5
Tesla,Stocks/US,0.02,2.401142857142856,0.504,0.20990004759638278,-8.65,-1.35,5
TexasInstruments,Stocks/US,0.04,3.0962857142857168,0.688,0.22220171634216093,-8.65,-1.35,5
Textron,Stocks/US,0.1,1.5885714285714292,1.17,0.7365107913669061,-8.65,-1.35,5
ThermoFisher,Stocks/US,0.02,2.9720000000000044,0.826,0.2779273216689094,-8.65,-1.35,5
TractorSupply,Stocks/US,0.3,3.083571428571427,1.1700000000000002,0.3794301598332177,-8.65,-1.35,5
TradeDesk,Stocks/US,0.7,3.7700000000000014,1.47,0.3899204244031828,-8.65,-1.35,5
Trane,Stocks/US,0.02,1.8655714285714309,0.826,0.44275978252546083,-8.65,-1.35,5
TransDigm,Stocks/US,0.02,4.937428571428567,2.5260000000000002,0.5116023378276725,-8.65,-1.35,5
Transocean,Stocks/US,1.5,3.375000000000001,1.9500000000000002,0.5777777777777777,-8.65,-1.35,5
TravelersCompanies,Stocks/US,0.03,1.9491428571428542,0.705,0.36169744942832066,-8.65,-1.35,5
Trimble,Stocks/US,0.14,2.228000000000001,1.4420000000000002,0.6472172351885096,-8.65,-1.35,5
Trip,Stocks/US,0.2,1.6900000000000028,1.1,0.650887573964496,-8.65,-1.35,5
Tripadvisor,Stocks/US,0.9,3.3942857142857155,1.6199999999999999,0.47727272727272707,-8.65,-1.35,5
TruistFinancial,Stocks/US,0.2,2.018571428571427,0.52,0.25760792639773555,-8.65,-1.35,5
Twilio,Stocks/US,0.04,4.974857142857141,1.588,0.3192051458764072,-8.65,-1.35,5
Tyson,Stocks/US,0.15,1.6232142857142862,0.96,0.5914191419141912,-8.65,-1.35,5
UDR,Stocks/US,0.3,1.6521428571428574,1.26,0.762645914396887,-8.65,-1.35,5
UPS,Stocks/US,0.09,1.9369285714285702,0.756,0.39030866246266205,-8.65,-1.35,5
USBancorp,Stocks/US,0.14,1.590999999999999,0.43400000000000005,0.27278441231929623,-8.65,-1.35,5
Uber,Stocks/US,0.12,2.1180000000000008,0.612,0.2889518413597733,-8.65,-1.35,5
UiPath,Stocks/US,0.5,4.5964285714285715,1.25,0.27195027195027194,-8.65,-1.35,5
UltaBeauty,Stocks/US,0.02,2.8560000000000025,1.5519999999999998,0.5434173669467782,-8.65,-1.35,5
UnderArmour,Stocks/US,1.7,3.0235714285714255,2.21,0.7309236947791172,-8.65,-1.35,5
UnionPacific,Stocks/US,0.03,1.4352857142857123,0.495,0.344879068378621,-8.65,-1.35,5
UnitedAirlines,Stocks/US,0.08,2.9628571428571453,1.0,0.3375120540019284,-8.65,-1.35,5
UnitedHealth,Stocks/US,0.03,2.7201428571428545,0.474,0.17425555380494737,-8.65,-1.35,5
UnitedRentals,Stocks/US,0.02,5.350142857142857,2.22,0.41494219112974284,-8.65,-1.35,5
UnitedTherapeutics,Stocks/US,0.02,2.4475714285714276,1.402,0.5728127006361994,-8.65,-1.35,5
UnitySoftware,Stocks/US,0.2,3.7542857142857153,1.3800000000000001,0.36757990867579904,-8.65,-1.35,5
UniversalHealth,Stocks/US,0.05,3.2075000000000005,1.26,0.39282930631332813,-8.65,-1.35,5
Unum,Stocks/US,0.09,2.120785714285711,1.0350000000000001,0.48802667474992495,-8.65,-1.35,5
UpstartHoldings,Stocks/US,0.3,2.9057142857142844,1.3800000000000001,0.47492625368731584,-8.65,-1.35,5
Urban,Stocks/US,0.11,2.77907142857143,1.5400000000000003,0.5541419281877296,-8.65,-1.35,5
VF,Stocks/US,0.7,2.9249999999999994,1.54,0.5264957264957265,-8.65,-1.35,5
VICI,Stocks/US,0.4,1.554285714285715,0.9200000000000002,0.5919117647058822,-8.65,-1.35,5
Valero,Stocks/US,0.03,4.809857142857146,1.488,0.3093646974962129,-8.65,-1.35,5
Veeva,Stocks/US,0.03,2.177142857142856,0.9420000000000001,0.4326771653543309,-8.65,-1.35,5
Ventas,Stocks/US,0.09,1.5074999999999983,0.8370000000000001,0.5552238805970156,-8.65,-1.35,5
Verisign,Stocks/US,0.03,2.5772142857142812,1.098,0.42604140683462277,-8.65,-1.35,5
Verisk,Stocks/US,0.05,3.03464285714286,1.345,0.4432152524420379,-8.65,-1.35,5
Verizon,Stocks/US,0.2,2.1214285714285714,0.38,0.17912457912457913,-8.65,-1.35,5
Vertex,Stocks/US,0.02,2.3478571428571438,0.708,0.3015515667782171,-8.65,-1.35,5
ViacomCBS,Stocks/US,0.8,4.262857142857141,1.8400000000000003,0.4316353887399466,-8.65,-1.35,5
Viatris,Stocks/US,0.6,2.2071428571428546,1.32,0.598058252427185,-8.65,-1.35,5
VirginGalactic,Stocks/US,2.9,4.722857142857144,3.48,0.7368421052631577,-8.65,-1.35,5
Visa,Stocks/US,0.03,1.6090714285714278,0.372,0.23118923957917173,-8.65,-1.35,5
Vornado,Stocks/US,0.3,3.115714285714285,1.7100000000000002,0.548830811554333,-8.65,-1.35,5
Vulcan,Stocks/US,0.04,2.2819999999999987,1.096,0.48028045574057876,-8.65,-1.35,5
W.R.Berkley,Stocks/US,0.13,1.8246428571428575,0.7669999999999999,0.420356234096692,-8.65,-1.35,5
WABTEC,Stocks/US,0.03,1.683214285714286,1.137,0.6754933163590069,-8.65,-1.35,5
WWGrainger,Stocks/US,0.02,5.066857142857134,3.2600000000000002,0.6433968647795207,-8.65,-1.35,5
WalMart,Stocks/US,0.08,1.3954285714285701,0.472,0.3382473382473386,-8.65,-1.35,5
Waste,Stocks/US,0.04,1.302857142857142,0.44800000000000006,0.3438596491228073,-8.65,-1.35,5
Waters,Stocks/US,0.03,3.293142857142852,2.247,0.6823269130661125,-8.65,-1.35,5
Watsco,Stocks/US,0.03,2.5945714285714305,2.04,0.7862570201519651,-8.65,-1.35,5
Weibo,Stocks/US,1.2,1.3885714285714303,1.92,1.3827160493827144,-8.65,-1.35,5
WellsFargo,Stocks/US,0.1,2.145714285714285,0.31000000000000005,0.14447403462050604,-8.65,-1.35,5
Welltower,Stocks/US,0.04,1.907428571428572,1.0,0.5242660275614139,-8.65,-1.35,5
Wendys,Stocks/US,1.1,2.820714285714285,2.09,0.7409470752089139,-8.65,-1.35,5
WestPharmaceutical,Stocks/US,0.03,2.9151428571428566,1.5899999999999999,0.545427815348427,-8.65,-1.35,5
WesternDigital,Stocks/US,0.02,4.718714285714287,1.106,0.2343858799309739,-8.65,-1.35,5
WesternUni,Stocks/US,1.2,2.220000000000002,1.7999999999999998,0.81081081081081,-8.65,-1.35,5
Weyerhaeuser,Stocks/US,0.4,1.94857142857143,1.12,0.5747800586510261,-8.65,-1.35,5
Whirlpool,Stocks/US,0.3,4.182857142857145,1.7100000000000002,0.4088114754098359,-8.65,-1.35,5
Williams,Stocks/US,0.12,2.0708571428571436,0.468,0.2259933774834436,-8.65,-1.35,5
WillisTowersWatson,Stocks/US,0.03,2.418642857142862,1.5,0.6201825108531926,-8.65,-1.35,5
Wisconsin,Stocks/US,0.08,1.1457142857142888,0.68,0.5935162094763077,-8.65,-1.35,5
Workday,Stocks/US,0.05,3.5574999999999997,1.135,0.31904427266338725,-8.65,-1.35,5
WynnResorts,Stocks/US,0.09,2.0500714285714277,1.08,0.5268109125117594,-8.65,-1.35,5
XcelEnergy,Stocks/US,0.11,1.4237142857142862,0.605,0.4249448123620308,-8.65,-1.35,5
Xerox,Stocks/US,2.6,5.032857142857142,3.12,0.6199261992619927,-8.65,-1.35,5
XpInc,Stocks/US,0.5,3.7178571428571408,1.55,0.4169068203650339,-8.65,-1.35,5
Xpeng,Stocks/US,0.8,2.377142857142854,1.52,0.6394230769230778,-8.65,-1.35,5
Xylem,Stocks/US,0.08,2.001142857142856,0.8240000000000001,0.4117647058823532,-8.65,-1.35,5
YumBrands,Stocks/US,0.06,2.2092857142857123,1.194,0.5404461687681867,-8.65,-1.35,5
Zebra,Stocks/US,0.03,3.3516428571428567,1.731,0.5164631417428555,-8.65,-1.35,5
ZillowGroup,Stocks/US,0.3,4.180714285714286,1.8299999999999998,0.4377242439774474,-8.65,-1.35,5
Zimmer,Stocks/US,0.09,2.7501428571428583,1.2779999999999998,0.46470313230481514,-8.65,-1.35,5
Zions,Stocks/US,0.13,1.9722857142857138,0.988,0.5009416195856875,-8.65,-1.35,5
Zoetis,Stocks/US,0.11,1.703428571428572,0.847,0.49723247232472306,-8.65,-1.35,5
ZoomVideo,Stocks/US,0.09,2.627357142857143,1.1159999999999999,0.4247614387080988,-8.65,-1.35,5
Zscaler,Stocks/US,0.05,4.740000000000001,1.47,0.31012658227848094,-8.65,-1.35,5
AAVEUSD,Cryptocurrencies/Standard,0.05,5.2321428571428585,0.8500000000000001,0.162457337883959,-11.94,-11.94,1
ADAUSD,Cryptocurrencies/Standard,0.09,1.4151857142857138,0.14489999999999997,0.10238938857090944,-18.85,-18.85,1
ALGOUSD,Cryptocurrencies/Standard,0.24,1.9630285714285711,0.2928,0.149157278840276,-8.25,-8.25,1
APEUSD,Cryptocurrencies/Standard,0.1,0.9264285714285722,0.19,0.20508866615265983,-1.18,-1.18,1
APTUSD,Cryptocurrencies/Standard,0.3,2.0571428571428574,0.237,0.11520833333333334,-6.2,-6.2,1
ARBUSD,Cryptocurrencies/Standard,0.2,4.804142857142858,0.262,0.0545362633441375,-17.63,-17.63,1
ATOMUSD,Cryptocurrencies/Standard,0.1,1.1,0.21000000000000002,0.19090909090909092,-1.46,-1.46,1
AVAXUSD,Cryptocurrencies/Standard,0.2,1.5267142857142861,0.196,0.1283802751005895,-7.72,-7.72,1
AXSUSD,Cryptocurrencies/Standard,0.2,1.271428571428571,0.28,0.2202247191011237,-0.85,-0.85,1
BATUSD,Cryptocurrencies/Standard,0.25,1.4355357142857137,0.24749999999999997,0.1724095036696107,-6.71,-6.71,1
BCHUSD,Cryptocurrencies/Standard,0.02,4.6231428571428586,0.466,0.10079723132068472,-20.97,-20.97,1
BTCEUR,Cryptocurrencies/Standard,0.01,23.525707142857126,1.6500000000000001,0.07013604266943248,-5895.8,-5895.8,1
BTCGBP,Cryptocurrencies/Standard,0.01,20.092642857142867,2.15,0.10700434060796947,-5055.76,-5055.76,1
BTCUSD,Cryptocurrencies/Standard,0.01,27.054821428571426,0.4,0.014784795421993704,-3386.95,-2257.97,1
BTGUSD,Cryptocurrencies/Standard,0.01,6.253714285714287,0.311,0.049730445906432746,-154.68,-154.68,1
CHZUSD,Cryptocurrencies/Standard,0.1,1.0864285714285715,0.2,0.18408941485864566,-1.27,-1.27,1
COMPUSD,Cryptocurrencies/Standard,0.1,1.1835714285714294,0.27,0.22812311406155694,-1.8,-1.8,1
CRVUSD,Cryptocurrencies/Standard,0.09,2.412000000000001,0.396,0.1641791044776119,-2.85,-2.85,1
DASHUSD,Cryptocurrencies/Standard,0.02,11.46,1.1,0.09598603839441537,-5.04,-5.04,1
DOGEUSD,Cryptocurrencies/Standard,0.06,3.675857142857143,0.714,0.19424041039990672,-7.35,-7.35,1
DOTUSD,Cryptocurrencies/Standard,0.2,1.6802857142857146,0.16000000000000003,0.09522190103723854,-9.44,-9.44,1
ETCUSD,Cryptocurrencies/Standard,0.02,1.2641428571428572,0.182,0.14397107017742117,-7.07,-7.07,1
ETHBTC,Cryptocurrencies/Standard,0.01,0.7699999999999991,0.15999999999999998,0.207792207792208,-2.71,-2.71,1
ETHEUR,Cryptocurrencies/Standard,0.02,2.1320571428571413,0.26,0.12194795100640571,-191.55,-191.55,1
ETHGBP,Cryptocurrencies/Standard,0.01,0.907757142857143,0.13,0.14321010968950157,-164.26,-164.26,1
ETHUSD,Cryptocurrencies/Standard,0.02,2.46107142857143,0.06,0.024379625598606867,-110.0,-73.33,1
FILUSD,Cryptocurrencies/Standard,0.2,22.007142857142863,1.96,0.08906199285946119,-8.22,-8.22,1
GRTUSD,Cryptocurrencies/Standard,1.0,1.6299999999999997,0.26,0.15950920245398775,-1.73,-1.73,1
ICPUSD,Cryptocurrencies/Standard,0.01,2.052142857142857,0.32,0.15593456317438217,-2.4,-2.4,1
IMXUSD,Cryptocurrencies/Standard,0.1,0.9678571428571425,0.19,0.19630996309963106,-1.16,-1.16,1
LDOUSD,Cryptocurrencies/Standard,0.1,3.295714285714286,0.49,0.14867793671434762,-3.35,-3.35,1
LINKUSD,Cryptocurrencies/Standard,0.03,2.2896428571428564,0.34800000000000003,0.15198876930276092,-10.44,-10.44,1
LTCUSD,Cryptocurrencies/Standard,0.07,2.6664999999999996,0.252,0.09450590661916371,-4.82,-4.82,1
MANAUSD,Cryptocurrencies/Standard,0.05,2.4289285714285715,0.49000000000000016,0.20173503896485814,-6.83,-6.83,1
MATICUSD,Cryptocurrencies/Standard,0.15,1.0532142857142857,0.23999999999999996,0.22787385554425227,-8.77,-8.77,1
NEARUSD,Cryptocurrencies/Standard,0.02,9.803999999999998,0.516,0.05263157894736843,-30.62,-30.62,1
OPUSD,Cryptocurrencies/Standard,0.15,1.7164285714285712,0.21,0.1223470661672909,-1.04,-1.04,1
SANDUSD,Cryptocurrencies/Standard,0.4,0.9957142857142856,0.21999999999999997,0.22094691535150646,-3.3,-3.3,1
SHIBUSD,Cryptocurrencies/Standard,0.05,1.8821428571428571,0.35000000000000003,0.18595825426944973,-0.45,-0.45,1
SOLUSD,Cryptocurrencies/Standard,0.05,2.9175,0.33000000000000007,0.11311053984575838,-9.33,-9.33,1
UNIUSD,Cryptocurrencies/Standard,0.07,6.312000000000001,0.3990000000000001,0.06321292775665399,-7.58,-7.58,1
XLMUSD,Cryptocurrencies/Standard,0.38,5.444314285714287,0.9576,0.1758899192342207,-16.14,-16.14,1
XRPUSD,Cryptocurrencies/Standard,0.08,8.188342857142855,0.7175999999999999,0.08763677981241629,-119.05,-119.05,1
XTZUSD,Cryptocurrencies/Standard,0.1,3.220714285714285,0.33,0.10246174318030607,-2.79,-2.79,1
ZECUSD,Cryptocurrencies/Standard,0.02,284.5528571428572,22.12,0.07773599682710217,-129.05,-129.05,1
Adidas_turbo,Turbo Stocks/EU,1.0,35.178571428571466,3.9000000000000004,0.11086294416243643,-5.9,-0.1,0
BP_turbo,Turbo Stocks/EU,1.0,14.999999999999996,1.33,0.0886666666666667,-7.18,1.18,0
Amazon_turbo,Turbo Stocks/US,1.0,53.3642857142857,6.4,0.11993039753714366,-7.82,1.8199999999999998,0
Apple_turbo,Turbo Stocks/US,1.0,67.78571428571419,7.4,0.1091675447839833,-7.82,1.8199999999999998,0
Facebook_turbo,Turbo Stocks/US,1.0,260.40000000000003,14.7,0.0564516129032258,-7.82,1.8199999999999998,0
Google_turbo,Turbo Stocks/US,1.0,82.06428571428583,9.1,0.11088867612498896,-7.82,1.8199999999999998,0
Microsoft_turbo,Turbo Stocks/US,1.0,95.18571428571417,9.1,0.09560258141978101,-7.82,1.8199999999999998,0
ElectricVehicles,Thematic Indices/Standard,0.05,0.5916071428571438,0.17500000000000002,0.2958044068819796,-0.2,-0.09,3
Crypto_10,Thematic Indices/Standard,0.01,7.096600000000004,1.155,0.1627539948707831,-11.54,-11.54,3
Blockchain&NFT,Thematic Indices/Standard,0.05,1.7973214285714285,0.685,0.3811227024341779,-0.48,-0.22,3
ChinaInternet,Thematic Indices/Standard,0.05,0.9586071428571415,0.58,0.6050445214410798,-0.45,-0.2,3
AI_INDX,Thematic Indices/Standard,0.01,1.1402214285714263,0.201,0.17628154932312684,-2.54,-1.38,3
Alibaba_turbo,Turbo Stocks/US,1.0,28.29285714285714,2.7,0.09543044685685434,0.0,0.0,0
Altcoins_INDX,Thematic Indices/Standard,0.05,0.6615357142857141,0.16000000000000003,0.2418614695243752,-0.22,-0.22,3
AMD_turbo,Turbo Stocks/US,1.0,253.98571428571427,14.2,0.05590865627988076,0.0,0.0,0
Arch Capital,Stocks/US,0.09,1.6296428571428567,0.72,0.44181459566074965,-8.65,-1.35,5
Arm Holdings,Stocks/US,0.04,7.603714285714284,1.44,0.1893811295231654,-8.65,-1.35,5
BTCJPY,Cryptocurrencies/Standard,0.01,4237.296428571429,104.0,0.024543951963979727,-5313.48,-3542.32,1
Daimler Truck,Stocks/EU,0.2,1.711428571428571,1.1,0.6427378964941571,-7.44,-2.56,5
Digital Realty,Stocks/US,0.05,2.2164285714285734,0.6900000000000001,0.3113116339026746,-8.65,-1.35,5
GerMid50Cash,Derivatives/Cash,0.01,4.592607142857147,0.25,0.05443531140886358,-4.7,-0.05,3
GerTech30Cash,Derivatives/Cash,0.05,3.360178571428568,2.1,0.6249667853536702,-0.6,-0.01,3
Haleon,Stocks/EU,0.2,1.305714285714286,0.6819999999999999,0.5223194748358861,-8.73,-1.27,5
Kenvue,Stocks/US,0.5,1.4785714285714313,0.95,0.6425120772946848,-8.65,-1.35,5
LATAM_INDX,Thematic Indices/Standard,0.05,1.3215357142857143,0.605,0.45780071886063295,-0.52,-0.15,3
Monolithic Power,Stocks/US,0.02,10.43228571428572,2.5980000000000003,0.24903459041985032,-8.65,-1.35,5
Netflix_turbo,Turbo Stocks/US,1.0,22.171428571428585,1.9,0.08569587628865974,0.0,0.0,0
Nu Holdings,Stocks/Brazil,0.6,2.7514285714285704,1.0799999999999998,0.3925233644859814,-8.65,-1.35,5
Nvidia_turbo,Turbo Stocks/US,1.0,50.7214285714286,6.5,0.1281509646528657,0.0,0.0,0
Reddit,Stocks/US,0.06,4.001142857142855,1.5180000000000002,0.3793916023993147,-8.65,-1.35,5
Sea,Stocks/US,0.07,2.4115000000000006,0.9170000000000001,0.38026124818577645,-8.65,-1.35,5
Super Micro Computer,Stocks/US,0.3,7.052142857142855,1.62,0.22971741112123983,-8.65,-1.35,5
TaiwanCash,Derivatives/Cash,0.05,4.738571428571432,0.11000000000000001,0.02321374736207415,-0.73,0.03,3
Tesla_turbo,Turbo Stocks/US,1.0,109.792857142857,11.200000000000001,0.10201027909700099,0.0,0.0,0
TrumpWinners,Thematic Indices/Standard,0.05,0.681785714285713,0.27,0.3960188580408599,-0.52,-0.21,3
XPDUSD,Derivatives/Spot Metals,0.1,47.236428571428576,7.2,0.1524247327274652,0.0,0.0,1
XPTUSD,Derivatives/Spot Metals,0.1,64.09714285714288,5.300000000000001,0.08268699295711864,0.0,0.0,1
Prosus NV,Stocks/EU,0.3,2.5650000000000013,1.2300000000000002,0.47953216374268987,-7.44,-2.56,5
On Holding,Stocks/US,0.3,3.351428571428571,1.11,0.33120204603580566,-8.65,-1.35,5
VAULTAUSD,Cryptocurrencies/Standard,0.25,1.6696428571428572,0.25,0.1497326203208556,-0.75,-0.75,1
SpainCash,Derivatives/Cash,0.1,27.85,1.0,0.03590664272890485,-2.98,-0.03,3
CHN50Cash,Derivatives/Cash,0.01,1.7778642857142846,0.09,0.05062253667120666,-2.6,0.11,3
Sailpoint,Stocks/US,0.5,6.385714285714283,2.35,0.3680089485458615,-8.65,-1.35,5
Figma,Stocks/US,0.3,3.2100000000000004,1.2,0.37383177570093457,-8.65,-1.35,5
GAUCNH,Derivatives/Spot Metals,0.01,185.53571428571445,3.6,0.019403272377285834,-16.94,-1.6,1
Firefly Aerospace,Stocks/US,0.4,6.03142857142857,1.92,0.3183325438180957,-8.65,-1.35,5
GAUUSD,Derivatives/Spot Metals,0.01,28.764285714285762,0.49,0.017035013657809756,-27.92,6.36,1
Klarna,Stocks/US,0.6,2.438571428571429,1.7999999999999998,0.7381370826010543,-8.65,-1.35,5
NIQ Global Intelligence,Stocks/US,0.5,3.2285714285714304,2.4,0.7433628318584066,-8.65,-1.35,5
XAUCNH,Derivatives/Spot Metals,0.01,577.3671428571433,6.3,0.010911601184688119,-526.83,-49.79,1
XAUJPY,Derivatives/Spot Metals,0.01,12683.42857142857,126.0,0.009934222382411246,-138.55,6.78,1
McGraw Hill,Stocks/US,0.7,4.594999999999998,2.94,0.6398258977149076,-8.65,-1.35,5
Beta Technologies,Stocks/US,0.5,8.046428571428573,3.75,0.46604527296937415,-8.65,-1.35,5
Medline,Stocks/US,0.3,3.8078571428571437,1.56,0.4096792346651659,-8.65,-1.35,5
BitGo,Stocks/US,1.2,7.294285714285713,2.7600000000000002,0.37837837837837845,-8.65,-1.35,5
EquipmentShare,Stocks/US,0.5,5.664285714285712,2.45,0.432534678436318,-8.65,-1.35,5
York Space,Stocks/US,1.0,7.285714285714287,2.3000000000000003,0.31568627450980385,-8.65,-1.35,5
PicPay,Stocks/US,0.9,4.75714285714286,4.5,0.9459459459459455,-9.04,-0.96,5
Ethos,Stocks/US,0.2,5.575714285714286,2.38,0.42685114014860365,-8.65,-1.35,5
Forgent,Stocks/US,0.3,7.7357142857142875,2.3400000000000003,0.3024930747922437,-8.65,-1.35,5
PayPay,Stocks/US,0.6,5.0657142857142885,1.92,0.3790186125211503,-8.73,-1.27,5
COTTO-DEC26,Derivatives/Futures,1.0,184.35714285714303,30.0,0.16272762495156903,0.0,0.0,0
Inter Continental,Stocks/US,0.06,1.835999999999999,1.464,0.7973856209150331,-8.73,-1.27,5
AGI,Stocks/Brazil,1.4,3.25,3.78,1.1630769230769231,-8.73,-1.27,5
Solv Energy,Stocks/US,0.4,4.919999999999999,3.8000000000000003,0.772357723577236,-8.73,-1.27,5
Generate Biomedicines,Stocks/US,0.6,5.567142857142857,2.3400000000000003,0.42032332563510394,-8.73,-1.27,5
MiniMed,Stocks/US,0.4,3.3571428571428585,2.32,0.6910638297872338,-8.73,-1.27,5
Janus Living,Stocks/US,0.3,2.4857142857142858,2.31,0.9293103448275861,-8.73,-1.27,5
HDFC Bank,Stocks/US,0.4,2.2257142857142864,0.52,0.23363286264441585,-8.73,-1.27,5
Dr Reddys,Stocks/US,0.7,1.8749999999999962,1.2599999999999998,0.6720000000000013,-8.73,-1.27,5
Toyota,Stocks/US,0.05,1.6846428571428587,0.71,0.4214543141827429,-8.73,-1.27,5
Mitsubishi UFJ F,Stocks/US,0.4,1.7742857142857145,0.52,0.2930756843800322,-8.73,-1.27,5
Sumitomo,Stocks/US,0.4,2.234285714285712,0.6000000000000001,0.2685421994884913,-8.73,-1.27,5
Mizuho,Stocks/US,0.8,1.8799999999999966,0.8,0.4255319148936178,-8.73,-1.27,5
Takeda,Stocks/US,0.5,1.3285714285714256,0.7000000000000001,0.5268817204301087,-8.73,-1.27,5
Honda,Stocks/US,0.3,1.8707142857142895,0.96,0.5131729667812132,-8.73,-1.27,5
ORIX,Stocks/US,0.3,3.175714285714279,1.89,0.5951417004048595,-8.73,-1.27,5
Tencent,Stocks/US,1.0,1.8857142857142886,2.1,1.113636363636362,-8.73,-1.27,5
Futu Holdings,Stocks/US,0.07,2.0880000000000014,1.7010000000000003,0.8146551724137927,-8.73,-1.27,5
KE Holdings,Stocks/US,0.5,2.046428571428571,1.5,0.7329842931937174,-8.73,-1.27,5
Yum China Holdings,Stocks/US,0.2,1.2614285714285711,1.3,1.0305775764439413,-8.73,-1.27,5
ZTO Express,Stocks/US,0.4,1.8857142857142872,1.2800000000000002,0.6787878787878783,-8.73,-1.27,5
H World,Stocks/US,0.2,1.7957142857142827,2.14,1.1917263325377905,-8.73,-1.27,5
Bilibili,Stocks/US,0.5,2.6500000000000004,1.2,0.45283018867924524,-8.73,-1.27,5
New Oriental,Stocks/US,0.15,2.2928571428571427,2.4,1.046728971962617,-8.73,-1.27,5
Full Truck Alliance,Stocks/US,1.0,1.6785714285714275,1.7999999999999998,1.0723404255319156,-8.73,-1.27,5
Sabesp,Stocks/Brazil,1.7,2.428571428571431,2.04,0.8399999999999992,-8.73,-1.27,5
Suzano,Stocks/Brazil,1.0,2.292857142857141,1.7999999999999998,0.7850467289719633,-8.73,-1.27,5
Ultrapar,Stocks/Brazil,1.3,2.6928571428571444,1.6900000000000002,0.6275862068965514,-8.73,-1.27,5
Braskem,Stocks/Brazil,4.0,5.085714285714284,3.5999999999999996,0.7078651685393261,-8.73,-1.27,5
YPF,Stocks/US,0.2,4.088571428571426,2.0,0.4891684136967159,-8.73,-1.27,5
LATAM Airlines,Stocks/US,0.2,3.7985714285714263,2.44,0.6423467468973303,-8.73,-1.27,5
Ecopetrol,Stocks/US,0.6,3.2699999999999996,2.04,0.6238532110091745,-8.73,-1.27,5
America Movil,Stocks/US,0.4,1.5400000000000003,1.12,0.7272727272727272,-8.73,-1.27,5
Buenaventura,Stocks/US,0.3,4.388571428571428,2.79,0.6357421875,-8.73,-1.27,5
Gold Fields,Stocks/US,0.2,3.0057142857142836,0.86,0.2861216730038025,-8.73,-1.27,5
Sasol,Stocks/US,0.6,3.5528571428571434,1.3800000000000001,0.38841978287092876,-8.73,-1.27,5
KT Corporation,Stocks/US,0.5,1.8285714285714287,1.25,0.6835937499999999,-8.73,-1.27,5
Nomura Holdings,Stocks/US,0.9,2.102142857142857,1.2600000000000002,0.5993883792048931,-8.73,-1.27,5
Cerebras,Stocks/US,0.05,5.643214285714287,1.7000000000000002,0.3012467565343965,-8.73,-1.27,5
PALL-DEC26,Derivatives/Futures,1.0,479.46428571428567,100.1,0.20877467411545625,0.0,0.0,0
COFFE-DEC26,Derivatives/Futures,1.0,849.1428571428572,55.00000000000001,0.06477119784656797,0.0,0.0,0
JP225-DEC26,Derivatives/Futures,0.1,149.1357142857143,1.5,0.010057952967096126,0.0,0.0,0
SpaceX,Stocks/US,0.05,3.0964285714285715,0.9050000000000001,0.29227220299884665,-8.65,-1.35,5
USDX-DEC26,Derivatives/Futures,1.0,4.521428571428591,0.5,0.1105845181674561,0.0,0.0,0
WHEAT-DEC26,Derivatives/Futures,1.0,79.38857142857138,6.6000000000000005,0.08313539192399055,0.0,0.0,0
HGCOP-DEC26,Derivatives/Futures,1.0,314.4857142857149,14.0,0.04451712546561271,0.0,0.0,0
US500-DEC26,Derivatives/Futures,0.1,7.585857142857147,0.15500000000000003,0.020432760211672087,0.0,0.0,0
EU50-DEC26,Derivatives/Futures,0.1,8.389285714285714,0.34,0.040527884206045126,0.0,0.0,0
SWI20-DEC26,Derivatives/Futures,0.1,18.377142857142868,0.78,0.042444029850746245,0.0,0.0,0
GER40-DEC26,Derivatives/Futures,0.1,33.24357142857142,0.5750000000000001,0.017296577211490947,0.0,0.0,0
US30-DEC26,Derivatives/Futures,0.1,57.496785714285785,1.1800000000000002,0.02052288637253012,0.0,0.0,0
UK100-DEC26,Derivatives/Futures,0.1,12.654285714285692,0.55,0.043463535786859415,0.0,0.0,0
US100-DEC26,Derivatives/Futures,0.1,44.6072142857143,0.65,0.014571633992579672,0.0,0.0,0
CORN-DEC26,Derivatives/Futures,1.0,40.78571428571424,4.0,0.09807355516637489,0.0,0.0,0
SUGAR-MAR27,Derivatives/Futures,1.0,57.500000000000036,6.000000000000001,0.10434782608695647,0.0,0.0,0
PLAT-JAN27,Derivatives/Futures,1.0,633.0714285714283,45.0,0.07108202640189555,0.0,0.0,0
COCOA-DEC26,Derivatives/Futures,1.0,302.85714285714283,15.0,0.049528301886792456,0.0,0.0,0
US400Cash,Derivatives/Cash,0.1,4.2228571428571415,0.23000000000000004,0.054465493910690145,-0.63,0.03,3
USFANGCash,Derivatives/Cash,0.1,26.193071428571393,1.1,0.04199583859417573,-3.31,0.15,3
USD_FX_Index,Thematic Indices/Standard,0.01,7.230714285714295,0.35000000000000003,0.0484046231354341,-6.8,-12.3,3
JPY_FX_Index,Thematic Indices/Standard,1.0,789.1428571428572,35.0,0.044351918899348294,-14.59,-5.79,3
GBP_FX_Index,Thematic Indices/Standard,0.01,5.1299999999999955,0.36,0.0701754385964913,-5.69,-7.23,3
EUR_FX_Index,Thematic Indices/Standard,0.01,4.154285714285704,0.35000000000000003,0.08425034387895482,-25.83,-2.78,3
Precious_Metals_Index,Thematic Indices/Standard,0.01,24.083571428571442,0.9,0.037369872764480803,-37.6,-5.71,3
SK Hynix,Stocks/US,0.05,4.797500000000002,0.9350000000000002,0.19489317352787902,-8.65,-1.35,5
SBEAN-NOV26,Derivatives/Futures,1.0,82.85714285714276,7.400000000000001,0.08931034482758632,0.0,0.0,0
GOLD24-7,Derivatives/Spot Metals,0.01,67.1114285714284,2.0,0.029801183532717514,-104.78,4.8,1
IWF,ETF Derivatives/Equities,0.7,1.0679999999999998,0.21,0.19662921348314608,-13.65,-6.35,5
IJR,ETF Derivatives/Equities,0.5,0.7489285714285734,0.555,0.7410586552217435,-13.65,-6.35,5
TIP,ETF Derivatives/Bonds,0.7,0.29799999999999965,1.071,3.593959731543628,-13.65,-6.35,5
XLP,ETF Derivatives/Equities,0.9,0.8112857142857136,0.459,0.5657686212361336,-13.65,-6.35,5
XLE,ETF Derivatives/Equities,1.3,1.7197142857142842,0.663,0.385529157667387,-13.65,-6.35,5
VGK,ETF Derivatives/Equities,0.8,0.7851428571428569,0.6400000000000001,0.815138282387191,-13.65,-6.35,5
VTV,ETF Derivatives/Equities,0.4,0.6257142857142883,0.38000000000000006,0.6073059360730569,-13.65,-6.35,5
XLF,ETF Derivatives/Equities,1.3,0.8979285714285703,0.6110000000000001,0.6804550155118934,-13.65,-6.35,5
VNQ,ETF Derivatives/Equities,0.7,0.7915000000000006,0.567,0.7163613392293109,-13.65,-6.35,5
ESGU,ETF Derivatives/Equities,0.5,0.7582142857142843,0.685,0.9034385303815373,-13.65,-6.35,5
IWD,ETF Derivatives/Equities,0.3,0.5929285714285724,0.549,0.9259125406577506,-13.65,-6.35,5
VTI,ETF Derivatives/Equities,0.2,0.6484285714285712,0.20400000000000001,0.3146067415730338,-13.65,-6.35,5
XLV,ETF Derivatives/Equities,0.5,1.0550000000000028,0.645,0.6113744075829368,-13.65,-6.35,5
VOO,ETF Derivatives/Equities,0.11,0.6735928571428564,0.1573,0.23352385396010755,-13.65,-6.35,5
HYG,ETF Derivatives/Bonds,0.9,0.21278571428571627,0.49500000000000005,2.3262839879153865,-13.65,-6.35,5
MUB,ETF Derivatives/Bonds,0.7,0.3549999999999997,0.40599999999999997,1.1436619718309866,-13.65,-6.35,5
AGG,ETF Derivatives/Bonds,0.8,0.33028571428571274,0.17600000000000002,0.5328719723183416,-13.65,-6.35,5
SCHX,ETF Derivatives/Equities,2.5,0.6571428571428559,0.6,0.9130434782608713,-13.65,-6.35,5
GDX,ETF Derivatives/Equities,1.0,3.1478571428571405,0.72,0.22872702518720234,-13.65,-6.35,5
LQD,ETF Derivatives/Bonds,0.7,0.4159999999999989,0.399,0.959134615384618,-13.65,-6.35,5
VEA,ETF Derivatives/Equities,1.1,0.9907857142857122,0.231,0.2331482950039656,-13.65,-6.35,5
GLD,ETF Derivatives/Commodities,0.2,1.3632857142857129,0.21800000000000003,0.15990778581158982,-13.65,-6.35,5
USMV,ETF Derivatives/Equities,0.8,0.6074285714285721,0.37600000000000006,0.6190028222013165,-13.65,-6.35,5
XLY,ETF Derivatives/Equities,0.7,1.096499999999999,0.6789999999999999,0.6192430460556321,-13.65,-6.35,5
SLV,ETF Derivatives/Commodities,1.4,2.484,0.728,0.2930756843800322,-13.65,-6.35,5
XLC,ETF Derivatives/Equities,0.7,1.2324999999999995,0.602,0.48843813387423957,-13.65,-6.35,5
IEFA,ETF Derivatives/Equities,0.8,0.8885714285714269,0.24,0.27009646302250856,-13.65,-6.35,5
EMB,ETF Derivatives/Bonds,0.8,0.40799999999999925,0.52,1.2745098039215712,-13.65,-6.35,5
RSP,ETF Derivatives/Equities,0.4,0.716285714285715,0.596,0.8320702034303942,-13.65,-6.35,5
SPY,ETF Derivatives/Equities,0.1,0.6711428571428575,0.15500000000000003,0.23094934014474236,-13.65,-6.35,5
SMH,ETF Derivatives/Equities,0.14,2.096499999999999,0.6524000000000001,0.3111853088480803,-13.65,-6.35,5
VXUS,ETF Derivatives/Equities,0.9,0.9359999999999993,0.5850000000000001,0.6250000000000006,-13.65,-6.35,5
XLI,ETF Derivatives/Equities,0.4,0.8185714285714287,0.6040000000000001,0.7378708551483419,-13.65,-6.35,5
EFA,ETF Derivatives/Equities,0.7,0.8359999999999985,0.595,0.7117224880382788,-13.65,-6.35,5
IVW,ETF Derivatives/Equities,0.6,0.9617142857142831,0.678,0.7049910873440305,-13.65,-6.35,5
XLK,ETF Derivatives/Equities,0.5,1.5053571428571442,0.71,0.4716488730723602,-13.65,-6.35,5
QQQM,ETF Derivatives/Equities,0.3,1.1449285714285728,0.672,0.5869361781770535,-13.65,-6.35,5
TLT,ETF Derivatives/Bonds,0.9,0.7090714285714287,0.6030000000000001,0.8504079782411604,-13.65,-6.35,5
SHY,ETF Derivatives/Bonds,0.9,0.08807142857142795,0.432,4.905109489051129,-13.65,-6.35,5
XLU,ETF Derivatives/Equities,1.6,0.8651428571428581,0.6400000000000001,0.7397622192866572,-13.65,-6.35,5
BND,ETF Derivatives/Bonds,1.0,0.29499999999999965,0.32,1.0847457627118657,-13.65,-6.35,5
BBJP,ETF Derivatives/Equities,1.0,1.1514285714285737,0.6900000000000001,0.5992555831265497,-13.65,-6.35,5
BNDX,ETF Derivatives/Bonds,1.5,0.2335714285714278,0.34500000000000003,1.4770642201834911,-13.65,-6.35,5
JEPI,ETF Derivatives/Equities,1.3,0.4512857142857156,0.338,0.7489711934156358,-13.65,-6.35,5
VUG,ETF Derivatives/Equities,0.9,0.9295714285714283,0.6930000000000001,0.7455048409405259,-13.65,-6.35,5
EWJ,ETF Derivatives/Equities,0.8,1.116571428571429,0.6400000000000001,0.5731832139201636,-13.65,-6.35,5
IWM,ETF Derivatives/Equities,0.3,1.0506428571428579,0.693,0.6595961656128897,-13.65,-6.35,5
IJH,ETF Derivatives/Equities,1.0,0.7392857142857159,0.58,0.7845410628019306,-13.65,-6.35,5
EEM,ETF Derivatives/Equities,1.2,1.318285714285715,0.66,0.5006501950585173,-13.65,-6.35,5
SCHD,ETF Derivatives/Equities,2.2,0.6835714285714266,0.5940000000000001,0.8689655172413819,-13.65,-6.35,5
IEF,ETF Derivatives/Bonds,0.8,0.38057142857143,0.392,1.0300300300300262,-13.65,-6.35,5
BIL,ETF Derivatives/Bonds,0.8,0.010857142857142729,0.384,35.368421052632,-13.65,-6.35,5
ACWI,ETF Derivatives/Equities,0.5,0.7839285714285731,0.6,0.7653758542141214,-13.65,-6.35,5
SCHF,ETF Derivatives/Equities,2.6,0.8932857142857153,0.65,0.7276507276507268,-13.65,-6.35,5
IVV,ETF Derivatives/Equities,0.1,0.6855000000000002,0.15700000000000003,0.22902990517870161,-13.65,-6.35,5
INDA,ETF Derivatives/Equities,1.5,0.736071428571429,1.0350000000000001,1.406113537117903,-13.65,-6.35,5
AIA,ETF Derivatives/Equities,0.6,2.0159999999999982,1.596,0.7916666666666674,-13.65,-6.35,5
EZA,ETF Derivatives/Equities,1.0,1.7485714285714284,1.54,0.8807189542483661,-13.65,-6.35,5
EWZ,ETF Derivatives/Equities,2.0,1.5971428571428572,0.76,0.47584973166368516,-13.65,-6.35,5
ILF,ETF Derivatives/Equities,1.9,1.184785714285713,1.083,0.9140893470790389,-13.65,-6.35,5
KSA,ETF Derivatives/Equities,1.9,0.6283571428571469,1.026,1.6328293736500974,-13.65,-6.35,5
GBTC,ETF Derivatives/Cryptocurrencies,0.9,1.814142857142858,0.5040000000000001,0.2778171509567682,-25.0,-25.0,5
IBIT,ETF Derivatives/Cryptocurrencies,1.3,1.9305000000000008,0.481,0.24915824915824905,-25.0,-25.0,5
FBTC,ETF Derivatives/Cryptocurrencies,0.8,1.8160000000000018,0.512,0.2819383259911892,-25.0,-25.0,5
GSOIL-OCT26,Derivatives/Futures,1.0,325.9914285714287,7.5200000000000005,0.023068091185570166,0.0,0.0,0
OIL-NOV26,Derivatives/Futures,1.0,428.0,5.0,0.011682242990654205,0.0,0.0,0
OILMn-NOV26,Derivatives/Futures,1.0,42.800000000000004,0.5,0.011682242990654205,0.0,0.0,0
VIX-OCT26,Derivatives/Futures,1.0,0.5971428571428566,0.1,0.16746411483253604,0.0,0.0,3
FRA40-OCT26,Derivatives/Futures,0.1,9.900357142857132,0.39,0.03939251830742042,0.0,0.0,0
NGAS-NOV26,Derivatives/Futures,1.0,105.00000000000001,33.0,0.3142857142857143,0.0,0.0,0
BRENT-DEC26,Derivatives/Futures,1.0,404.857142857143,5.0,0.0123500352858151,0.0,0.0,0
